-- phpMyAdmin SQL Dump
-- version 4.2.11
-- http://www.phpmyadmin.net
--
-- Client :  127.0.0.1
-- Généré le :  Jeu 14 Avril 2016 à 16:34
-- Version du serveur :  5.6.21
-- Version de PHP :  5.6.3

SET SQL_MODE = "NO_AUTO_VALUE_ON_ZERO";
SET time_zone = "+00:00";


/*!40101 SET @OLD_CHARACTER_SET_CLIENT=@@CHARACTER_SET_CLIENT */;
/*!40101 SET @OLD_CHARACTER_SET_RESULTS=@@CHARACTER_SET_RESULTS */;
/*!40101 SET @OLD_COLLATION_CONNECTION=@@COLLATION_CONNECTION */;
/*!40101 SET NAMES utf8 */;

--
-- Base de données :  `pokinator`
--

-- --------------------------------------------------------

--
-- Structure de la table `pokemon`
--

CREATE TABLE IF NOT EXISTS `pokemon` (
  `id` smallint(3) DEFAULT NULL,
  `name` varchar(10) DEFAULT NULL
) ENGINE=InnoDB DEFAULT CHARSET=utf8;

--
-- Contenu de la table `pokemon`
--

INSERT INTO `pokemon` (`id`, `name`) VALUES
(1, 'Bulbizarre'),
(2, 'Herbizarre'),
(3, 'Florizarre'),
(4, 'Salameche'),
(5, 'Reptincel'),
(6, 'Dracaufeu'),
(7, 'Carapuce'),
(8, 'Carabaffe'),
(9, 'Tortank'),
(10, 'Chenipan'),
(11, 'Chrysacier'),
(12, 'Papilusion'),
(13, 'Aspicot'),
(14, 'Coconfort'),
(15, 'Dardargnan'),
(16, 'Roucool'),
(17, 'Roucoups'),
(18, 'Roucarnage'),
(19, 'Rattata'),
(20, 'Rattatac'),
(21, 'Piafabec'),
(22, 'Rapasdepic'),
(23, 'Abo'),
(24, 'Arbok'),
(25, 'Pikachu'),
(26, 'Raichu'),
(27, 'Sabelette'),
(28, 'Sablaireau'),
(29, 'Nidoran?'),
(30, 'Nidorina'),
(31, 'Nidoqueen'),
(32, 'Nidoran?'),
(33, 'Nidorino'),
(34, 'Nidoking'),
(35, 'Melofee'),
(36, 'Melodelfe'),
(37, 'Goupix'),
(38, 'Feunard'),
(39, 'Rondoudou'),
(40, 'Grodoudou'),
(41, 'Nosferapti'),
(42, 'Nosferalto'),
(43, 'Mystherbe'),
(44, 'Ortide'),
(45, 'Rafflesia'),
(46, 'Paras'),
(47, 'Parasect'),
(48, 'Mimitoss'),
(49, 'Aeromite'),
(50, 'Taupiqueur'),
(51, 'Triopikeur'),
(52, 'Miaouss'),
(53, 'Persian'),
(54, 'Psykokwak'),
(55, 'Akwakwak'),
(56, 'Ferosinge'),
(57, 'Colossinge'),
(58, 'Caninos'),
(59, 'Arcanin'),
(60, 'Ptitard'),
(61, 'Tetarte'),
(62, 'Tartard'),
(63, 'Abra'),
(64, 'Kadabra'),
(65, 'Alakazam'),
(66, 'Machoc'),
(67, 'Machopeur'),
(68, 'Mackogneur'),
(69, 'Chetiflor'),
(70, 'Boustiflor'),
(71, 'Empiflor'),
(72, 'Tentacool'),
(73, 'Tentacruel'),
(74, 'Racaillou'),
(75, 'Gravalanch'),
(76, 'Grolem'),
(77, 'Ponyta'),
(78, 'Galopa'),
(79, 'Ramoloss'),
(80, 'Flagadoss'),
(81, 'Magneti'),
(82, 'Magneton'),
(83, 'Canarticho'),
(84, 'Doduo'),
(85, 'Dodrio'),
(86, 'Otaria'),
(87, 'Lamantine'),
(88, 'Tadmorv'),
(89, 'Grotadmorv'),
(90, 'Kokiyas'),
(91, 'Crustabri'),
(92, 'Fantominus'),
(93, 'Spectrum'),
(94, 'Ectoplasma'),
(95, 'Onix'),
(96, 'Soporifik'),
(97, 'Hypnomade'),
(98, 'Krabby'),
(99, 'Krabboss'),
(100, 'Voltorbe'),
(101, 'electrode'),
(102, 'Neuneuf'),
(103, 'Noadkoko'),
(104, 'Osselait'),
(105, 'Ossatueur'),
(106, 'Kicklee'),
(107, 'Tygnon'),
(108, 'Excelangue'),
(109, 'Smogo'),
(110, 'Smogogo'),
(111, 'Rhinocorne'),
(112, 'Rhinoferos'),
(113, 'Leveinard'),
(114, 'Saquedeneu'),
(115, 'Kangourex'),
(116, 'Hypotrempe'),
(117, 'Hypocean'),
(118, 'Poissirene'),
(119, 'Poissoroy'),
(120, 'Stari'),
(121, 'Staross'),
(122, 'M. Mime'),
(123, 'Insecateur'),
(124, 'Lippoutou'),
(125, 'elektek'),
(126, 'Magmar'),
(127, 'Scarabrute'),
(128, 'Tauros'),
(129, 'Magicarpe'),
(130, 'Leviator'),
(131, 'Lokhlass'),
(132, 'Metamorph'),
(133, 'evoli'),
(134, 'Aquali'),
(135, 'Voltali'),
(136, 'Pyroli'),
(137, 'Porygon'),
(138, 'Amonita'),
(139, 'Amonistar'),
(140, 'Kabuto'),
(141, 'Kabutops'),
(142, 'Ptera'),
(143, 'Ronflex'),
(144, 'Artikodin'),
(145, 'electhor'),
(146, 'Sulfura'),
(147, 'Minidraco'),
(148, 'Draco'),
(149, 'Dracolosse'),
(150, 'Mewtwo'),
(151, 'Mew');

-- --------------------------------------------------------

--
-- Structure de la table `question`
--

CREATE TABLE IF NOT EXISTS `question` (
`id` int(11) NOT NULL,
  `text` varchar(500) CHARACTER SET utf8 COLLATE utf8_bin NOT NULL,
  `priority` int(3) NOT NULL DEFAULT '1',
  `typeQuestion` varchar(50) NOT NULL
) ENGINE=InnoDB AUTO_INCREMENT=75 DEFAULT CHARSET=latin1;

--
-- Contenu de la table `question`
--

INSERT INTO `question` (`id`, `text`, `priority`, `typeQuestion`) VALUES
(1, 'Est-t''il léger ? (0 à 45 kg)', 5, 'poids'),
(3, 'Est-t''il lourd ? (45 kg et plus)', 5, 'poids'),
(4, 'Est-t''il vert ?', 1, 'couleur'),
(5, 'Est-t''il rouge ?', 1, 'couleur'),
(6, 'Est-t''il Bleu ?', 1, 'couleur'),
(7, 'Est-t''il blanc ?', 1, 'couleur'),
(8, 'Est-t''il marron ?', 1, 'couleur'),
(9, 'Est-t''il jaune ?', 1, 'couleur'),
(10, 'Est-t''il violet ?', 1, 'couleur'),
(11, 'Est-t''il rose ?', 1, 'couleur'),
(12, 'Est-t''il gris ?', 1, 'couleur'),
(14, 'Le trouve t''on dans les champs ?', 1, 'habitat'),
(15, 'Le trouve t''on dans les montagnes ?', 1, 'habitat'),
(16, 'Le trouve t''on dans les marécages ?', 1, 'habitat'),
(18, 'Le trouve t''on dans la forêt ?', 1, 'habitat'),
(19, 'Le trouve t''on dans les milieux hostiles ?', 1, 'habitat'),
(20, 'Le trouve t''on dans les grottes ?', 1, 'habitat'),
(21, 'Le trouve t''on dans les zones urbaines ?', 1, 'habitat'),
(22, 'Le trouve t''on dans la mer ?', 1, 'habitat'),
(23, 'Le trouve t''on très rarement ?', 1, ''),
(24, 'Est-t''il petit ? (moins d''1 mètre)', 1, 'taille'),
(26, 'Est-t''il de grande taille ? (1 mètre et plus)', 1, 'taille'),
(32, 'Est-t''il colérique ?', 1, ''),
(33, 'Est-t''il un pokemon sous terrain ?', 1, ''),
(34, 'A-t''il une armure de combat ?', 1, ''),
(35, 'Est-t''il blasé ?', 1, ''),
(36, 'Est-t''il transparent ?', 1, ''),
(37, 'Est-t''il une sorte de canard ?', 1, ''),
(38, 'Est-t''il un charmeur ?', 1, ''),
(39, 'Est-t''il des yeux à facettes ?', 1, ''),
(40, 'Est-t''il humide ?', 1, ''),
(41, 'Est-t''il une sorte de champignon ?', 1, ''),
(43, 'Est-t''il argnieux ?', 1, ''),
(45, 'A-t''il des pinces ?', 1, ''),
(46, 'Est-t''il médium ?', 1, ''),
(47, 'Est-t''il en forme d''étoile ?', 1, ''),
(48, 'Est-t''il égoïste ?', 1, ''),
(49, 'Est-t''il insomniaque ?', 1, ''),
(50, 'Peut-il voler ou léviter ?', 1, ''),
(51, 'Est-t''il lent ?', 1, ''),
(52, 'Est-t''il un pokémon légendaire ?', 1, ''),
(53, 'A-t''il une carapace ?', 1, ''),
(54, 'Est-t''il muet ?', 1, ''),
(55, 'Est-t''il de sexe exclusivement feminin ?', 1, ''),
(56, 'Est-t''il de sexe exclusivment masculin ?', 1, ''),
(57, 'Est-t''il de type herbe ?', 3, 'type'),
(58, 'Est-t''il de type feu ?', 3, 'type'),
(59, 'Est-t''il de type eau ?', 3, 'type'),
(60, 'Est-t''il de type insecte ?', 3, 'type'),
(61, 'Est-t''il de type normal ?', 3, 'type'),
(62, 'Est-t''il de type poison ?', 3, 'type'),
(63, 'Est-t''il de type éléctrique ?', 3, 'type'),
(64, 'Est-t''il de type sol ?', 3, 'type'),
(65, 'Est-t''il de type combat ?', 3, 'type'),
(66, 'Est-t''il de type roche ?', 3, 'type'),
(67, 'Est-t''il de type spectre ?', 2, 'type'),
(68, 'Est-t''il de type psy ?', 3, 'type'),
(69, 'Est-t''il de type glace ?', 2, 'type'),
(70, 'Est-t''il de type dragon ?', 2, 'type'),
(71, 'A-t''il déja évolué ?', 10, ''),
(72, 'Peut-t''il évoluer ?', 10, ''),
(73, 'Est-t''il un végétal ?', 1, ''),
(74, 'Est-t''il de type vol ?', 3, 'type');

-- --------------------------------------------------------

--
-- Structure de la table `response`
--

CREATE TABLE IF NOT EXISTS `response` (
  `idPokemon` int(11) NOT NULL,
  `idQuestion` int(11) NOT NULL,
  `response` tinyint(1) NOT NULL
) ENGINE=InnoDB DEFAULT CHARSET=latin1;

--
-- Contenu de la table `response`
--

INSERT INTO `response` (`idPokemon`, `idQuestion`, `response`) VALUES
(1, 32, 0),
(1, 33, 0),
(1, 34, 0),
(1, 35, 0),
(1, 73, 0),
(1, 36, 0),
(1, 37, 0),
(1, 38, 0),
(1, 39, 0),
(1, 40, 0),
(1, 41, 0),
(1, 46, 0),
(1, 43, 0),
(1, 45, 0),
(1, 47, 0),
(1, 48, 0),
(1, 49, 0),
(1, 50, 0),
(1, 51, 0),
(1, 52, 0),
(1, 53, 0),
(1, 54, 0),
(1, 55, 0),
(1, 56, 0),
(1, 57, 1),
(1, 58, 0),
(1, 59, 0),
(1, 60, 0),
(1, 61, 0),
(1, 62, 1),
(1, 63, 0),
(1, 64, 0),
(1, 65, 0),
(1, 66, 0),
(1, 67, 0),
(1, 68, 0),
(1, 69, 0),
(1, 70, 0),
(1, 74, 0),
(1, 24, 1),
(1, 25, 0),
(1, 26, 0),
(1, 1, 1),
(1, 2, 0),
(1, 3, 0),
(1, 4, 1),
(1, 5, 0),
(1, 6, 0),
(1, 7, 0),
(1, 8, 0),
(1, 9, 0),
(1, 10, 0),
(1, 11, 0),
(1, 12, 0),
(1, 14, 1),
(1, 15, 0),
(1, 16, 0),
(1, 18, 0),
(1, 19, 0),
(1, 20, 0),
(1, 21, 0),
(1, 22, 0),
(1, 23, 0),
(2, 32, 0),
(2, 33, 0),
(2, 34, 0),
(2, 35, 0),
(2, 73, 0),
(2, 36, 0),
(2, 37, 0),
(2, 38, 0),
(2, 39, 0),
(2, 40, 0),
(2, 41, 0),
(2, 46, 0),
(2, 43, 0),
(2, 45, 0),
(2, 47, 0),
(2, 48, 0),
(2, 49, 0),
(2, 50, 0),
(2, 51, 0),
(2, 52, 0),
(2, 53, 0),
(2, 54, 0),
(2, 55, 0),
(2, 56, 0),
(2, 57, 1),
(2, 58, 0),
(2, 59, 0),
(2, 60, 0),
(2, 61, 0),
(2, 62, 1),
(2, 63, 0),
(2, 64, 0),
(2, 65, 0),
(2, 66, 0),
(2, 67, 0),
(2, 68, 0),
(2, 69, 0),
(2, 70, 0),
(2, 74, 0),
(2, 24, 1),
(2, 25, 0),
(2, 26, 0),
(2, 1, 1),
(2, 2, 0),
(2, 3, 0),
(2, 4, 1),
(2, 5, 0),
(2, 6, 0),
(2, 7, 0),
(2, 8, 0),
(2, 9, 0),
(2, 10, 0),
(2, 11, 0),
(2, 12, 0),
(2, 14, 1),
(2, 15, 0),
(2, 16, 0),
(2, 18, 0),
(2, 19, 0),
(2, 20, 0),
(2, 21, 0),
(2, 22, 0),
(2, 23, 0),
(3, 32, 0),
(3, 33, 0),
(3, 34, 0),
(3, 35, 0),
(3, 73, 0),
(3, 36, 0),
(3, 37, 0),
(3, 38, 0),
(3, 39, 0),
(3, 40, 0),
(3, 41, 0),
(3, 46, 0),
(3, 43, 0),
(3, 45, 0),
(3, 47, 0),
(3, 48, 0),
(3, 49, 0),
(3, 50, 0),
(3, 51, 0),
(3, 52, 0),
(3, 53, 0),
(3, 54, 0),
(3, 55, 0),
(3, 56, 0),
(3, 57, 1),
(3, 58, 0),
(3, 59, 0),
(3, 60, 0),
(3, 61, 0),
(3, 62, 1),
(3, 63, 0),
(3, 64, 0),
(3, 65, 0),
(3, 66, 0),
(3, 67, 0),
(3, 68, 0),
(3, 69, 0),
(3, 70, 0),
(3, 74, 0),
(3, 24, 1),
(3, 25, 0),
(3, 26, 0),
(3, 1, 1),
(3, 2, 0),
(3, 3, 0),
(3, 4, 1),
(3, 5, 0),
(3, 6, 0),
(3, 7, 0),
(3, 8, 0),
(3, 9, 0),
(3, 10, 0),
(3, 11, 0),
(3, 12, 0),
(3, 14, 1),
(3, 15, 0),
(3, 16, 0),
(3, 18, 0),
(3, 19, 0),
(3, 20, 0),
(3, 21, 0),
(3, 22, 0),
(3, 23, 0),
(4, 32, 0),
(4, 33, 0),
(4, 34, 0),
(4, 35, 1),
(4, 73, 0),
(4, 36, 0),
(4, 37, 0),
(4, 38, 0),
(4, 39, 0),
(4, 40, 0),
(4, 41, 0),
(4, 46, 0),
(4, 43, 0),
(4, 45, 0),
(4, 47, 0),
(4, 48, 0),
(4, 49, 0),
(4, 50, 0),
(4, 51, 0),
(4, 52, 0),
(4, 53, 0),
(4, 54, 0),
(4, 55, 0),
(4, 56, 0),
(4, 57, 0),
(4, 58, 1),
(4, 59, 0),
(4, 60, 0),
(4, 61, 0),
(4, 62, 0),
(4, 63, 0),
(4, 64, 0),
(4, 65, 0),
(4, 66, 0),
(4, 67, 0),
(4, 68, 0),
(4, 69, 0),
(4, 70, 0),
(4, 74, 0),
(4, 24, 1),
(4, 25, 0),
(4, 26, 0),
(4, 1, 1),
(4, 2, 0),
(4, 3, 0),
(4, 4, 0),
(4, 5, 1),
(4, 6, 0),
(4, 7, 0),
(4, 8, 0),
(4, 9, 0),
(4, 10, 0),
(4, 11, 0),
(4, 12, 0),
(4, 14, 0),
(4, 15, 1),
(4, 16, 0),
(4, 18, 0),
(4, 19, 0),
(4, 20, 0),
(4, 21, 0),
(4, 22, 0),
(4, 23, 0),
(5, 32, 0),
(5, 33, 0),
(5, 34, 0),
(5, 35, 1),
(5, 73, 0),
(5, 36, 0),
(5, 37, 0),
(5, 38, 0),
(5, 39, 0),
(5, 40, 0),
(5, 41, 0),
(5, 46, 0),
(5, 43, 0),
(5, 45, 0),
(5, 47, 0),
(5, 48, 0),
(5, 49, 0),
(5, 50, 0),
(5, 51, 0),
(5, 52, 0),
(5, 53, 0),
(5, 54, 0),
(5, 55, 0),
(5, 56, 0),
(5, 57, 0),
(5, 58, 1),
(5, 59, 0),
(5, 60, 0),
(5, 61, 0),
(5, 62, 0),
(5, 63, 0),
(5, 64, 0),
(5, 65, 0),
(5, 66, 0),
(5, 67, 0),
(5, 68, 0),
(5, 69, 0),
(5, 70, 0),
(5, 74, 0),
(5, 24, 1),
(5, 25, 0),
(5, 26, 0),
(5, 1, 1),
(5, 2, 0),
(5, 3, 0),
(5, 4, 0),
(5, 5, 1),
(5, 6, 0),
(5, 7, 0),
(5, 8, 0),
(5, 9, 0),
(5, 10, 0),
(5, 11, 0),
(5, 12, 0),
(5, 14, 0),
(5, 15, 1),
(5, 16, 0),
(5, 18, 0),
(5, 19, 0),
(5, 20, 0),
(5, 21, 0),
(5, 22, 0),
(5, 23, 0),
(6, 32, 0),
(6, 33, 0),
(6, 34, 0),
(6, 35, 1),
(6, 73, 0),
(6, 36, 0),
(6, 37, 0),
(6, 38, 0),
(6, 39, 0),
(6, 40, 0),
(6, 41, 0),
(6, 46, 0),
(6, 43, 0),
(6, 45, 0),
(6, 47, 0),
(6, 48, 0),
(6, 49, 0),
(6, 50, 1),
(6, 51, 0),
(6, 52, 0),
(6, 53, 0),
(6, 54, 0),
(6, 55, 0),
(6, 56, 0),
(6, 57, 0),
(6, 58, 1),
(6, 59, 0),
(6, 60, 0),
(6, 61, 0),
(6, 62, 0),
(6, 63, 0),
(6, 64, 0),
(6, 65, 0),
(6, 66, 0),
(6, 67, 0),
(6, 68, 0),
(6, 69, 0),
(6, 70, 0),
(6, 74, 1),
(6, 24, 1),
(6, 25, 0),
(6, 26, 0),
(6, 1, 1),
(6, 2, 0),
(6, 3, 0),
(6, 4, 0),
(6, 5, 1),
(6, 6, 0),
(6, 7, 0),
(6, 8, 0),
(6, 9, 0),
(6, 10, 0),
(6, 11, 0),
(6, 12, 0),
(6, 14, 0),
(6, 15, 1),
(6, 16, 0),
(6, 18, 0),
(6, 19, 0),
(6, 20, 0),
(6, 21, 0),
(6, 22, 0),
(6, 23, 0),
(7, 32, 0),
(7, 33, 0),
(7, 34, 0),
(7, 35, 0),
(7, 73, 0),
(7, 36, 0),
(7, 37, 0),
(7, 38, 0),
(7, 39, 0),
(7, 40, 0),
(7, 41, 0),
(7, 46, 0),
(7, 43, 0),
(7, 45, 0),
(7, 47, 0),
(7, 48, 0),
(7, 49, 0),
(7, 50, 0),
(7, 51, 0),
(7, 52, 0),
(7, 53, 0),
(7, 54, 0),
(7, 55, 0),
(7, 56, 0),
(7, 57, 0),
(7, 58, 0),
(7, 59, 0),
(7, 60, 0),
(7, 61, 0),
(7, 62, 0),
(7, 63, 0),
(7, 64, 0),
(7, 65, 0),
(7, 66, 0),
(7, 67, 0),
(7, 68, 0),
(7, 69, 0),
(7, 70, 0),
(7, 74, 0),
(7, 24, 1),
(7, 25, 0),
(7, 26, 0),
(7, 1, 1),
(7, 2, 0),
(7, 3, 0),
(7, 4, 0),
(7, 5, 0),
(7, 6, 1),
(7, 7, 0),
(7, 8, 0),
(7, 9, 0),
(7, 10, 0),
(7, 11, 0),
(7, 12, 0),
(7, 14, 0),
(7, 15, 0),
(7, 16, 1),
(7, 18, 0),
(7, 19, 0),
(7, 20, 0),
(7, 21, 0),
(7, 22, 0),
(7, 23, 0),
(8, 32, 0),
(8, 33, 0),
(8, 34, 0),
(8, 35, 0),
(8, 73, 0),
(8, 36, 0),
(8, 37, 0),
(8, 38, 0),
(8, 39, 0),
(8, 40, 0),
(8, 41, 0),
(8, 46, 0),
(8, 43, 0),
(8, 45, 0),
(8, 47, 0),
(8, 48, 0),
(8, 49, 0),
(8, 50, 0),
(8, 51, 0),
(8, 52, 0),
(8, 53, 0),
(8, 54, 0),
(8, 55, 0),
(8, 56, 0),
(8, 57, 0),
(8, 58, 0),
(8, 59, 1),
(8, 60, 0),
(8, 61, 0),
(8, 62, 0),
(8, 63, 0),
(8, 64, 0),
(8, 65, 0),
(8, 66, 0),
(8, 67, 0),
(8, 68, 0),
(8, 69, 0),
(8, 70, 0),
(8, 74, 0),
(8, 24, 1),
(8, 25, 0),
(8, 26, 0),
(8, 1, 1),
(8, 2, 0),
(8, 3, 0),
(8, 4, 0),
(8, 5, 0),
(8, 6, 1),
(8, 7, 0),
(8, 8, 0),
(8, 9, 0),
(8, 10, 0),
(8, 11, 0),
(8, 12, 0),
(8, 14, 0),
(8, 15, 0),
(8, 16, 1),
(8, 18, 0),
(8, 19, 0),
(8, 20, 0),
(8, 21, 0),
(8, 22, 0),
(8, 23, 0),
(9, 32, 0),
(9, 33, 0),
(9, 34, 0),
(9, 35, 0),
(9, 73, 0),
(9, 36, 0),
(9, 37, 0),
(9, 38, 0),
(9, 39, 0),
(9, 40, 0),
(9, 41, 0),
(9, 46, 0),
(9, 43, 0),
(9, 45, 0),
(9, 47, 0),
(9, 48, 0),
(9, 49, 0),
(9, 50, 0),
(9, 51, 0),
(9, 52, 0),
(9, 53, 0),
(9, 54, 0),
(9, 55, 0),
(9, 56, 0),
(9, 57, 0),
(9, 58, 0),
(9, 59, 1),
(9, 60, 0),
(9, 61, 0),
(9, 62, 0),
(9, 63, 0),
(9, 64, 0),
(9, 65, 0),
(9, 66, 0),
(9, 67, 0),
(9, 68, 0),
(9, 69, 0),
(9, 70, 0),
(9, 74, 0),
(9, 24, 1),
(9, 25, 0),
(9, 26, 0),
(9, 1, 1),
(9, 2, 0),
(9, 3, 0),
(9, 4, 0),
(9, 5, 0),
(9, 6, 1),
(9, 7, 0),
(9, 8, 0),
(9, 9, 0),
(9, 10, 0),
(9, 11, 0),
(9, 12, 0),
(9, 14, 0),
(9, 15, 0),
(9, 16, 1),
(9, 18, 0),
(9, 19, 0),
(9, 20, 0),
(9, 21, 0),
(9, 22, 0),
(9, 23, 0),
(10, 32, 0),
(10, 33, 0),
(10, 34, 0),
(10, 35, 0),
(10, 73, 0),
(10, 36, 0),
(10, 37, 0),
(10, 38, 0),
(10, 39, 0),
(10, 40, 0),
(10, 41, 0),
(10, 46, 0),
(10, 43, 0),
(10, 45, 0),
(10, 47, 0),
(10, 48, 0),
(10, 49, 0),
(10, 50, 0),
(10, 51, 0),
(10, 52, 0),
(10, 53, 0),
(10, 54, 0),
(10, 55, 0),
(10, 56, 0),
(10, 57, 0),
(10, 58, 0),
(10, 59, 0),
(10, 60, 1),
(10, 61, 0),
(10, 62, 0),
(10, 63, 0),
(10, 64, 0),
(10, 65, 0),
(10, 66, 0),
(10, 67, 0),
(10, 68, 0),
(10, 69, 0),
(10, 70, 0),
(10, 74, 0),
(10, 24, 1),
(10, 25, 0),
(10, 26, 0),
(10, 1, 1),
(10, 2, 0),
(10, 3, 0),
(10, 4, 1),
(10, 5, 0),
(10, 6, 0),
(10, 7, 0),
(10, 8, 0),
(10, 9, 0),
(10, 10, 0),
(10, 11, 0),
(10, 12, 0),
(10, 14, 0),
(10, 15, 0),
(10, 16, 0),
(10, 18, 1),
(10, 19, 0),
(10, 20, 0),
(10, 21, 0),
(10, 22, 0),
(10, 23, 0),
(11, 32, 0),
(11, 33, 0),
(11, 34, 0),
(11, 35, 0),
(11, 73, 0),
(11, 36, 0),
(11, 37, 0),
(11, 38, 0),
(11, 39, 0),
(11, 40, 0),
(11, 41, 0),
(11, 46, 0),
(11, 43, 0),
(11, 45, 0),
(11, 47, 0),
(11, 48, 0),
(11, 49, 0),
(11, 50, 0),
(11, 51, 0),
(11, 52, 0),
(11, 53, 0),
(11, 54, 1),
(11, 55, 0),
(11, 56, 0),
(11, 57, 0),
(11, 58, 0),
(11, 59, 0),
(11, 60, 1),
(11, 61, 0),
(11, 62, 0),
(11, 63, 0),
(11, 64, 0),
(11, 65, 0),
(11, 66, 0),
(11, 67, 0),
(11, 68, 0),
(11, 69, 0),
(11, 70, 0),
(11, 74, 0),
(11, 24, 1),
(11, 25, 0),
(11, 26, 0),
(11, 1, 1),
(11, 2, 0),
(11, 3, 0),
(11, 4, 1),
(11, 5, 0),
(11, 6, 0),
(11, 7, 0),
(11, 8, 0),
(11, 9, 0),
(11, 10, 0),
(11, 11, 0),
(11, 12, 0),
(11, 14, 0),
(11, 15, 0),
(11, 16, 0),
(11, 18, 1),
(11, 19, 0),
(11, 20, 0),
(11, 21, 0),
(11, 22, 0),
(11, 23, 0),
(12, 32, 0),
(12, 33, 0),
(12, 34, 0),
(12, 35, 0),
(12, 73, 0),
(12, 36, 0),
(12, 37, 0),
(12, 38, 0),
(12, 39, 1),
(12, 40, 0),
(12, 41, 0),
(12, 46, 0),
(12, 43, 0),
(12, 45, 0),
(12, 47, 0),
(12, 48, 0),
(12, 49, 0),
(12, 50, 1),
(12, 51, 0),
(12, 52, 0),
(12, 53, 0),
(12, 54, 0),
(12, 55, 0),
(12, 56, 0),
(12, 57, 0),
(12, 58, 0),
(12, 59, 0),
(12, 60, 1),
(12, 61, 0),
(12, 62, 0),
(12, 63, 0),
(12, 64, 0),
(12, 65, 0),
(12, 66, 0),
(12, 67, 0),
(12, 68, 0),
(12, 69, 0),
(12, 70, 0),
(12, 74, 1),
(12, 24, 1),
(12, 25, 0),
(12, 26, 0),
(12, 1, 1),
(12, 2, 0),
(12, 3, 0),
(12, 4, 0),
(12, 5, 0),
(12, 6, 0),
(12, 7, 1),
(12, 8, 0),
(12, 9, 0),
(12, 10, 0),
(12, 11, 0),
(12, 12, 0),
(12, 14, 0),
(12, 15, 0),
(12, 16, 0),
(12, 18, 1),
(12, 19, 0),
(12, 20, 0),
(12, 21, 0),
(12, 22, 0),
(12, 23, 0),
(13, 32, 0),
(13, 33, 0),
(13, 34, 0),
(13, 35, 0),
(13, 73, 0),
(13, 36, 0),
(13, 37, 0),
(13, 38, 0),
(13, 39, 0),
(13, 40, 0),
(13, 41, 0),
(13, 46, 0),
(13, 43, 0),
(13, 45, 0),
(13, 47, 0),
(13, 48, 0),
(13, 49, 0),
(13, 50, 0),
(13, 51, 0),
(13, 52, 0),
(13, 53, 0),
(13, 54, 0),
(13, 55, 0),
(13, 56, 0),
(13, 57, 0),
(13, 58, 0),
(13, 59, 0),
(13, 60, 1),
(13, 61, 0),
(13, 62, 1),
(13, 63, 0),
(13, 64, 0),
(13, 65, 0),
(13, 66, 0),
(13, 67, 0),
(13, 68, 0),
(13, 69, 0),
(13, 70, 0),
(13, 74, 0),
(13, 24, 1),
(13, 25, 0),
(13, 26, 0),
(13, 1, 1),
(13, 2, 0),
(13, 3, 0),
(13, 4, 0),
(13, 5, 0),
(13, 6, 0),
(13, 7, 0),
(13, 8, 1),
(13, 9, 0),
(13, 10, 0),
(13, 11, 0),
(13, 12, 0),
(13, 14, 0),
(13, 15, 0),
(13, 16, 0),
(13, 18, 1),
(13, 19, 0),
(13, 20, 0),
(13, 21, 0),
(13, 22, 0),
(13, 23, 0),
(14, 32, 0),
(14, 33, 0),
(14, 34, 0),
(14, 35, 0),
(14, 73, 0),
(14, 36, 0),
(14, 37, 0),
(14, 38, 0),
(14, 39, 0),
(14, 40, 0),
(14, 41, 0),
(14, 46, 0),
(14, 43, 0),
(14, 45, 0),
(14, 47, 0),
(14, 48, 0),
(14, 49, 0),
(14, 50, 0),
(14, 51, 0),
(14, 52, 0),
(14, 53, 0),
(14, 54, 1),
(14, 55, 0),
(14, 56, 0),
(14, 57, 0),
(14, 58, 0),
(14, 59, 0),
(14, 60, 1),
(14, 61, 0),
(14, 62, 1),
(14, 63, 0),
(14, 64, 0),
(14, 65, 0),
(14, 66, 0),
(14, 67, 0),
(14, 68, 0),
(14, 69, 0),
(14, 70, 0),
(14, 74, 0),
(14, 24, 1),
(14, 25, 0),
(14, 26, 0),
(14, 1, 1),
(14, 2, 0),
(14, 3, 0),
(14, 4, 0),
(14, 5, 0),
(14, 6, 0),
(14, 7, 0),
(14, 8, 0),
(14, 9, 1),
(14, 10, 0),
(14, 11, 0),
(14, 12, 0),
(14, 14, 0),
(14, 15, 0),
(14, 16, 0),
(14, 18, 1),
(14, 19, 0),
(14, 20, 0),
(14, 21, 0),
(14, 22, 0),
(14, 23, 0),
(15, 32, 0),
(15, 33, 0),
(15, 34, 0),
(15, 35, 0),
(15, 73, 0),
(15, 36, 0),
(15, 37, 0),
(15, 38, 0),
(15, 39, 0),
(15, 40, 0),
(15, 41, 0),
(15, 46, 0),
(15, 43, 0),
(15, 45, 0),
(15, 47, 0),
(15, 48, 0),
(15, 49, 0),
(15, 50, 0),
(15, 51, 0),
(15, 52, 0),
(15, 53, 0),
(15, 54, 0),
(15, 55, 0),
(15, 56, 0),
(15, 57, 0),
(15, 58, 0),
(15, 59, 0),
(15, 60, 1),
(15, 61, 0),
(15, 62, 1),
(15, 63, 0),
(15, 64, 0),
(15, 65, 0),
(15, 66, 0),
(15, 67, 0),
(15, 68, 0),
(15, 69, 0),
(15, 70, 0),
(15, 74, 0),
(15, 24, 1),
(15, 25, 0),
(15, 26, 0),
(15, 1, 1),
(15, 2, 0),
(15, 3, 0),
(15, 4, 0),
(15, 5, 0),
(15, 6, 0),
(15, 7, 0),
(15, 8, 0),
(15, 9, 1),
(15, 10, 0),
(15, 11, 0),
(15, 12, 0),
(15, 14, 0),
(15, 15, 0),
(15, 16, 0),
(15, 18, 1),
(15, 19, 0),
(15, 20, 0),
(15, 21, 0),
(15, 22, 0),
(15, 23, 0),
(16, 32, 0),
(16, 33, 0),
(16, 34, 0),
(16, 35, 0),
(16, 73, 0),
(16, 36, 0),
(16, 37, 0),
(16, 38, 0),
(16, 39, 0),
(16, 40, 0),
(16, 41, 0),
(16, 46, 0),
(16, 43, 0),
(16, 45, 0),
(16, 47, 0),
(16, 48, 0),
(16, 49, 0),
(16, 50, 1),
(16, 51, 0),
(16, 52, 0),
(16, 53, 0),
(16, 54, 0),
(16, 55, 0),
(16, 56, 0),
(16, 57, 0),
(16, 58, 0),
(16, 59, 0),
(16, 60, 0),
(16, 61, 1),
(16, 62, 0),
(16, 63, 0),
(16, 64, 0),
(16, 65, 0),
(16, 66, 0),
(16, 67, 0),
(16, 68, 0),
(16, 69, 0),
(16, 70, 0),
(16, 74, 1),
(16, 24, 1),
(16, 25, 0),
(16, 26, 0),
(16, 1, 1),
(16, 2, 0),
(16, 3, 0),
(16, 4, 0),
(16, 5, 0),
(16, 6, 0),
(16, 7, 0),
(16, 8, 1),
(16, 9, 0),
(16, 10, 0),
(16, 11, 0),
(16, 12, 0),
(16, 14, 0),
(16, 15, 0),
(16, 16, 0),
(16, 18, 1),
(16, 19, 0),
(16, 20, 0),
(16, 21, 0),
(16, 22, 0),
(16, 23, 0),
(17, 32, 0),
(17, 33, 0),
(17, 34, 0),
(17, 35, 0),
(17, 73, 0),
(17, 36, 0),
(17, 37, 0),
(17, 38, 0),
(17, 39, 0),
(17, 40, 0),
(17, 41, 0),
(17, 46, 0),
(17, 43, 0),
(17, 45, 0),
(17, 47, 0),
(17, 48, 0),
(17, 49, 0),
(17, 50, 1),
(17, 51, 0),
(17, 52, 0),
(17, 53, 0),
(17, 54, 0),
(17, 55, 0),
(17, 56, 0),
(17, 57, 0),
(17, 58, 0),
(17, 59, 0),
(17, 60, 0),
(17, 61, 1),
(17, 62, 0),
(17, 63, 0),
(17, 64, 0),
(17, 65, 0),
(17, 66, 0),
(17, 67, 0),
(17, 68, 0),
(17, 69, 0),
(17, 70, 0),
(17, 74, 1),
(17, 24, 1),
(17, 25, 0),
(17, 26, 0),
(17, 1, 1),
(17, 2, 0),
(17, 3, 0),
(17, 4, 0),
(17, 5, 0),
(17, 6, 0),
(17, 7, 0),
(17, 8, 1),
(17, 9, 0),
(17, 10, 0),
(17, 11, 0),
(17, 12, 0),
(17, 14, 0),
(17, 15, 0),
(17, 16, 0),
(17, 18, 1),
(17, 19, 0),
(17, 20, 0),
(17, 21, 0),
(17, 22, 0),
(17, 23, 0),
(18, 32, 0),
(18, 33, 0),
(18, 34, 0),
(18, 35, 0),
(18, 73, 0),
(18, 36, 0),
(18, 37, 0),
(18, 38, 0),
(18, 39, 0),
(18, 40, 0),
(18, 41, 0),
(18, 46, 0),
(18, 43, 0),
(18, 45, 0),
(18, 47, 0),
(18, 48, 0),
(18, 49, 0),
(18, 50, 1),
(18, 51, 0),
(18, 52, 0),
(18, 53, 0),
(18, 54, 0),
(18, 55, 0),
(18, 56, 0),
(18, 57, 0),
(18, 58, 0),
(18, 59, 0),
(18, 60, 0),
(18, 61, 1),
(18, 62, 0),
(18, 63, 0),
(18, 64, 0),
(18, 65, 0),
(18, 66, 0),
(18, 67, 0),
(18, 68, 0),
(18, 69, 0),
(18, 70, 0),
(18, 74, 1),
(18, 24, 1),
(18, 25, 0),
(18, 26, 0),
(18, 1, 1),
(18, 2, 0),
(18, 3, 0),
(18, 4, 0),
(18, 5, 0),
(18, 6, 0),
(18, 7, 0),
(18, 8, 1),
(18, 9, 0),
(18, 10, 0),
(18, 11, 0),
(18, 12, 0),
(18, 14, 0),
(18, 15, 0),
(18, 16, 0),
(18, 18, 1),
(18, 19, 0),
(18, 20, 0),
(18, 21, 0),
(18, 22, 0),
(18, 23, 0),
(19, 32, 0),
(19, 33, 0),
(19, 34, 0),
(19, 35, 0),
(19, 73, 0),
(19, 36, 0),
(19, 37, 0),
(19, 38, 0),
(19, 39, 0),
(19, 40, 0),
(19, 41, 0),
(19, 46, 0),
(19, 43, 1),
(19, 45, 0),
(19, 47, 0),
(19, 48, 0),
(19, 49, 0),
(19, 50, 0),
(19, 51, 0),
(19, 52, 0),
(19, 53, 0),
(19, 54, 0),
(19, 55, 0),
(19, 56, 0),
(19, 57, 0),
(19, 58, 0),
(19, 59, 0),
(19, 60, 0),
(19, 61, 1),
(19, 62, 0),
(19, 63, 0),
(19, 64, 0),
(19, 65, 0),
(19, 66, 0),
(19, 67, 0),
(19, 68, 0),
(19, 69, 0),
(19, 70, 0),
(19, 74, 0),
(19, 24, 1),
(19, 25, 0),
(19, 26, 0),
(19, 1, 1),
(19, 2, 0),
(19, 3, 0),
(19, 4, 0),
(19, 5, 0),
(19, 6, 0),
(19, 7, 0),
(19, 8, 0),
(19, 9, 0),
(19, 10, 1),
(19, 11, 0),
(19, 12, 0),
(19, 14, 1),
(19, 15, 0),
(19, 16, 0),
(19, 18, 0),
(19, 19, 0),
(19, 20, 0),
(19, 21, 0),
(19, 22, 0),
(19, 23, 0),
(20, 32, 0),
(20, 33, 0),
(20, 34, 0),
(20, 35, 0),
(20, 73, 0),
(20, 36, 0),
(20, 37, 0),
(20, 38, 0),
(20, 39, 0),
(20, 40, 0),
(20, 41, 0),
(20, 46, 0),
(20, 43, 1),
(20, 45, 0),
(20, 47, 0),
(20, 48, 0),
(20, 49, 0),
(20, 50, 0),
(20, 51, 0),
(20, 52, 0),
(20, 53, 0),
(20, 54, 0),
(20, 55, 0),
(20, 56, 0),
(20, 57, 0),
(20, 58, 0),
(20, 59, 0),
(20, 60, 0),
(20, 61, 1),
(20, 62, 0),
(20, 63, 0),
(20, 64, 0),
(20, 65, 0),
(20, 66, 0),
(20, 67, 0),
(20, 68, 0),
(20, 69, 0),
(20, 70, 0),
(20, 74, 0),
(20, 24, 1),
(20, 25, 0),
(20, 26, 0),
(20, 1, 1),
(20, 2, 0),
(20, 3, 0),
(20, 4, 0),
(20, 5, 0),
(20, 6, 0),
(20, 7, 0),
(20, 8, 1),
(20, 9, 0),
(20, 10, 0),
(20, 11, 0),
(20, 12, 0),
(20, 14, 1),
(20, 15, 0),
(20, 16, 0),
(20, 18, 0),
(20, 19, 0),
(20, 20, 0),
(20, 21, 0),
(20, 22, 0),
(20, 23, 0),
(21, 32, 0),
(21, 33, 0),
(21, 34, 0),
(21, 35, 0),
(21, 73, 0),
(21, 36, 0),
(21, 37, 0),
(21, 38, 0),
(21, 39, 0),
(21, 40, 0),
(21, 41, 0),
(21, 46, 0),
(21, 43, 0),
(21, 45, 0),
(21, 47, 0),
(21, 48, 0),
(21, 49, 0),
(21, 50, 1),
(21, 51, 0),
(21, 52, 0),
(21, 53, 0),
(21, 54, 0),
(21, 55, 0),
(21, 56, 0),
(21, 57, 0),
(21, 58, 0),
(21, 59, 0),
(21, 60, 0),
(21, 61, 1),
(21, 62, 0),
(21, 63, 0),
(21, 64, 0),
(21, 65, 0),
(21, 66, 0),
(21, 67, 0),
(21, 68, 0),
(21, 69, 0),
(21, 70, 0),
(21, 74, 1),
(21, 24, 1),
(21, 25, 0),
(21, 26, 0),
(21, 1, 1),
(21, 2, 0),
(21, 3, 0),
(21, 4, 0),
(21, 5, 0),
(21, 6, 0),
(21, 7, 0),
(21, 8, 1),
(21, 9, 0),
(21, 10, 0),
(21, 11, 0),
(21, 12, 0),
(21, 14, 0),
(21, 15, 0),
(21, 16, 0),
(21, 18, 0),
(21, 19, 1),
(21, 20, 0),
(21, 21, 0),
(21, 22, 0),
(21, 23, 0),
(22, 32, 0),
(22, 33, 0),
(22, 34, 0),
(22, 35, 0),
(22, 73, 0),
(22, 36, 0),
(22, 37, 0),
(22, 38, 0),
(22, 39, 0),
(22, 40, 0),
(22, 41, 0),
(22, 46, 0),
(22, 43, 0),
(22, 45, 0),
(22, 47, 0),
(22, 48, 0),
(22, 49, 0),
(22, 50, 1),
(22, 51, 0),
(22, 52, 0),
(22, 53, 0),
(22, 54, 0),
(22, 55, 0),
(22, 56, 0),
(22, 57, 0),
(22, 58, 0),
(22, 59, 0),
(22, 60, 0),
(22, 61, 1),
(22, 62, 0),
(22, 63, 0),
(22, 64, 0),
(22, 65, 0),
(22, 66, 0),
(22, 67, 0),
(22, 68, 0),
(22, 69, 0),
(22, 70, 0),
(22, 74, 1),
(22, 24, 1),
(22, 25, 0),
(22, 26, 0),
(22, 1, 1),
(22, 2, 0),
(22, 3, 0),
(22, 4, 0),
(22, 5, 0),
(22, 6, 0),
(22, 7, 0),
(22, 8, 1),
(22, 9, 0),
(22, 10, 0),
(22, 11, 0),
(22, 12, 0),
(22, 14, 0),
(22, 15, 0),
(22, 16, 0),
(22, 18, 0),
(22, 19, 1),
(22, 20, 0),
(22, 21, 0),
(22, 22, 0),
(22, 23, 0),
(23, 32, 0),
(23, 33, 0),
(23, 34, 0),
(23, 35, 0),
(23, 73, 0),
(23, 36, 0),
(23, 37, 0),
(23, 38, 0),
(23, 39, 0),
(23, 40, 0),
(23, 41, 0),
(23, 46, 0),
(23, 43, 0),
(23, 45, 0),
(23, 47, 0),
(23, 48, 0),
(23, 49, 0),
(23, 50, 0),
(23, 51, 0),
(23, 52, 0),
(23, 53, 0),
(23, 54, 1),
(23, 55, 0),
(23, 56, 0),
(23, 57, 0),
(23, 58, 0),
(23, 59, 0),
(23, 60, 0),
(23, 61, 0),
(23, 62, 1),
(23, 63, 0),
(23, 64, 0),
(23, 65, 0),
(23, 66, 0),
(23, 67, 0),
(23, 68, 0),
(23, 69, 0),
(23, 70, 0),
(23, 74, 0),
(23, 24, 1),
(23, 25, 0),
(23, 26, 0),
(23, 1, 1),
(23, 2, 0),
(23, 3, 0),
(23, 4, 0),
(23, 5, 0),
(23, 6, 0),
(23, 7, 0),
(23, 8, 0),
(23, 9, 0),
(23, 10, 1),
(23, 11, 0),
(23, 12, 0),
(23, 14, 1),
(23, 15, 0),
(23, 16, 0),
(23, 18, 0),
(23, 19, 0),
(23, 20, 0),
(23, 21, 0),
(23, 22, 0),
(23, 23, 0),
(24, 32, 0),
(24, 33, 0),
(24, 34, 0),
(24, 35, 0),
(24, 73, 0),
(24, 36, 0),
(24, 37, 0),
(24, 38, 0),
(24, 39, 0),
(24, 40, 0),
(24, 41, 0),
(24, 46, 0),
(24, 43, 0),
(24, 45, 0),
(24, 47, 0),
(24, 48, 0),
(24, 49, 0),
(24, 50, 0),
(24, 51, 0),
(24, 52, 0),
(24, 53, 0),
(24, 54, 1),
(24, 55, 0),
(24, 56, 0),
(24, 57, 0),
(24, 58, 0),
(24, 59, 0),
(24, 60, 0),
(24, 61, 0),
(24, 62, 1),
(24, 63, 0),
(24, 64, 0),
(24, 65, 0),
(24, 66, 0),
(24, 67, 0),
(24, 68, 0),
(24, 69, 0),
(24, 70, 0),
(24, 74, 0),
(24, 24, 1),
(24, 25, 0),
(24, 26, 0),
(24, 1, 1),
(24, 2, 0),
(24, 3, 0),
(24, 4, 0),
(24, 5, 0),
(24, 6, 0),
(24, 7, 0),
(24, 8, 0),
(24, 9, 0),
(24, 10, 0),
(24, 11, 0),
(24, 12, 0),
(24, 14, 1),
(24, 15, 0),
(24, 16, 0),
(24, 18, 0),
(24, 19, 0),
(24, 20, 0),
(24, 21, 0),
(24, 22, 0),
(24, 23, 0),
(25, 32, 0),
(25, 33, 0),
(25, 34, 0),
(25, 35, 0),
(25, 73, 0),
(25, 36, 0),
(25, 37, 0),
(25, 38, 0),
(25, 39, 0),
(25, 40, 0),
(25, 41, 0),
(25, 46, 0),
(25, 43, 0),
(25, 45, 0),
(25, 47, 0),
(25, 48, 0),
(25, 49, 0),
(25, 50, 0),
(25, 51, 0),
(25, 52, 0),
(25, 53, 0),
(25, 54, 0),
(25, 55, 0),
(25, 56, 0),
(25, 57, 0),
(25, 58, 0),
(25, 59, 0),
(25, 60, 0),
(25, 61, 0),
(25, 62, 0),
(25, 63, 1),
(25, 64, 0),
(25, 65, 0),
(25, 66, 0),
(25, 67, 0),
(25, 68, 0),
(25, 69, 0),
(25, 70, 0),
(25, 74, 0),
(25, 24, 1),
(25, 25, 0),
(25, 26, 0),
(25, 1, 1),
(25, 2, 0),
(25, 3, 0),
(25, 4, 0),
(25, 5, 0),
(25, 6, 0),
(25, 7, 0),
(25, 8, 0),
(25, 9, 1),
(25, 10, 0),
(25, 11, 0),
(25, 12, 0),
(25, 14, 0),
(25, 15, 0),
(25, 16, 0),
(25, 18, 1),
(25, 19, 0),
(25, 20, 0),
(25, 21, 0),
(25, 22, 0),
(25, 23, 0),
(26, 32, 0),
(26, 33, 0),
(26, 34, 0),
(26, 35, 0),
(26, 73, 0),
(26, 36, 0),
(26, 37, 0),
(26, 38, 0),
(26, 39, 0),
(26, 40, 0),
(26, 41, 0),
(26, 46, 0),
(26, 43, 0),
(26, 45, 0),
(26, 47, 0),
(26, 48, 0),
(26, 49, 0),
(26, 50, 0),
(26, 51, 0),
(26, 52, 0),
(26, 53, 0),
(26, 54, 0),
(26, 55, 0),
(26, 56, 0),
(26, 57, 0),
(26, 58, 0),
(26, 59, 0),
(26, 60, 0),
(26, 61, 0),
(26, 62, 0),
(26, 63, 1),
(26, 64, 0),
(26, 65, 0),
(26, 66, 0),
(26, 67, 0),
(26, 68, 0),
(26, 69, 0),
(26, 70, 0),
(26, 74, 0),
(26, 24, 1),
(26, 25, 0),
(26, 26, 0),
(26, 1, 1),
(26, 2, 0),
(26, 3, 0),
(26, 4, 0),
(26, 5, 0),
(26, 6, 0),
(26, 7, 0),
(26, 8, 0),
(26, 9, 1),
(26, 10, 0),
(26, 11, 0),
(26, 12, 0),
(26, 14, 0),
(26, 15, 0),
(26, 16, 0),
(26, 18, 1),
(26, 19, 0),
(26, 20, 0),
(26, 21, 0),
(26, 22, 0),
(26, 23, 0),
(27, 32, 0),
(27, 33, 0),
(27, 34, 0),
(27, 35, 0),
(27, 73, 0),
(27, 36, 0),
(27, 37, 0),
(27, 38, 0),
(27, 39, 0),
(27, 40, 0),
(27, 41, 0),
(27, 46, 0),
(27, 43, 0),
(27, 45, 0),
(27, 47, 0),
(27, 48, 0),
(27, 49, 0),
(27, 50, 0),
(27, 51, 0),
(27, 52, 0),
(27, 53, 0),
(27, 54, 0),
(27, 55, 0),
(27, 56, 0),
(27, 57, 0),
(27, 58, 0),
(27, 59, 0),
(27, 60, 0),
(27, 61, 0),
(27, 62, 0),
(27, 63, 0),
(27, 64, 0),
(27, 65, 0),
(27, 66, 0),
(27, 67, 0),
(27, 68, 0),
(27, 69, 0),
(27, 70, 0),
(27, 74, 0),
(27, 24, 1),
(27, 25, 0),
(27, 26, 0),
(27, 1, 1),
(27, 2, 0),
(27, 3, 0),
(27, 4, 0),
(27, 5, 0),
(27, 6, 0),
(27, 7, 0),
(27, 8, 0),
(27, 9, 1),
(27, 10, 0),
(27, 11, 0),
(27, 12, 0),
(27, 14, 0),
(27, 15, 0),
(27, 16, 0),
(27, 18, 0),
(27, 19, 1),
(27, 20, 0),
(27, 21, 0),
(27, 22, 0),
(27, 23, 0),
(28, 32, 0),
(28, 33, 0),
(28, 34, 0),
(28, 35, 0),
(28, 73, 0),
(28, 36, 0),
(28, 37, 0),
(28, 38, 0),
(28, 39, 0),
(28, 40, 0),
(28, 41, 0),
(28, 46, 0),
(28, 43, 0),
(28, 45, 0),
(28, 47, 0),
(28, 48, 0),
(28, 49, 0),
(28, 50, 0),
(28, 51, 0),
(28, 52, 0),
(28, 53, 0),
(28, 54, 0),
(28, 55, 0),
(28, 56, 0),
(28, 57, 0),
(28, 58, 0),
(28, 59, 0),
(28, 60, 0),
(28, 61, 0),
(28, 62, 0),
(28, 63, 0),
(28, 64, 0),
(28, 65, 0),
(28, 66, 0),
(28, 67, 0),
(28, 68, 0),
(28, 69, 0),
(28, 70, 0),
(28, 74, 0),
(28, 24, 1),
(28, 25, 0),
(28, 26, 0),
(28, 1, 1),
(28, 2, 0),
(28, 3, 0),
(28, 4, 0),
(28, 5, 0),
(28, 6, 0),
(28, 7, 0),
(28, 8, 0),
(28, 9, 1),
(28, 10, 0),
(28, 11, 0),
(28, 12, 0),
(28, 14, 0),
(28, 15, 0),
(28, 16, 0),
(28, 18, 0),
(28, 19, 1),
(28, 20, 0),
(28, 21, 0),
(28, 22, 0),
(28, 23, 0),
(29, 32, 0),
(29, 33, 0),
(29, 34, 0),
(29, 35, 0),
(29, 73, 0),
(29, 36, 0),
(29, 37, 0),
(29, 38, 0),
(29, 39, 0),
(29, 40, 0),
(29, 41, 0),
(29, 46, 0),
(29, 43, 0),
(29, 45, 0),
(29, 47, 0),
(29, 48, 0),
(29, 49, 0),
(29, 50, 0),
(29, 51, 0),
(29, 52, 0),
(29, 53, 0),
(29, 54, 0),
(29, 55, 0),
(29, 56, 0),
(29, 57, 0),
(29, 58, 0),
(29, 59, 0),
(29, 60, 0),
(29, 61, 0),
(29, 62, 1),
(29, 63, 0),
(29, 64, 0),
(29, 65, 0),
(29, 66, 0),
(29, 67, 0),
(29, 68, 0),
(29, 69, 0),
(29, 70, 0),
(29, 74, 0),
(29, 24, 1),
(29, 25, 0),
(29, 26, 0),
(29, 1, 1),
(29, 2, 0),
(29, 3, 0),
(29, 4, 0),
(29, 5, 0),
(29, 6, 1),
(29, 7, 0),
(29, 8, 0),
(29, 9, 0),
(29, 10, 0),
(29, 11, 0),
(29, 12, 0),
(29, 14, 1),
(29, 15, 0),
(29, 16, 0),
(29, 18, 0),
(29, 19, 0),
(29, 20, 0),
(29, 21, 0),
(29, 22, 0),
(29, 23, 0),
(30, 32, 0),
(30, 33, 0),
(30, 34, 0),
(30, 35, 0),
(30, 73, 0),
(30, 36, 0),
(30, 37, 0),
(30, 38, 0),
(30, 39, 0),
(30, 40, 0),
(30, 41, 0),
(30, 46, 0),
(30, 43, 0),
(30, 45, 0),
(30, 47, 0),
(30, 48, 0),
(30, 49, 0),
(30, 50, 0),
(30, 51, 0),
(30, 52, 0),
(30, 53, 0),
(30, 54, 0),
(30, 55, 1),
(30, 56, 0),
(30, 57, 0),
(30, 58, 0),
(30, 59, 0),
(30, 60, 0),
(30, 61, 0),
(30, 62, 1),
(30, 63, 0),
(30, 64, 0),
(30, 65, 0),
(30, 66, 0),
(30, 67, 0),
(30, 68, 0),
(30, 69, 0),
(30, 70, 0),
(30, 74, 0),
(30, 24, 1),
(30, 25, 0),
(30, 26, 0),
(30, 1, 1),
(30, 2, 0),
(30, 3, 0),
(30, 4, 0),
(30, 5, 0),
(30, 6, 1),
(30, 7, 0),
(30, 8, 0),
(30, 9, 0),
(30, 10, 0),
(30, 11, 0),
(30, 12, 0),
(30, 14, 1),
(30, 15, 0),
(30, 16, 0),
(30, 18, 0),
(30, 19, 0),
(30, 20, 0),
(30, 21, 0),
(30, 22, 0),
(30, 23, 0),
(31, 32, 0),
(31, 33, 0),
(31, 34, 0),
(31, 35, 0),
(31, 73, 0),
(31, 36, 0),
(31, 37, 0),
(31, 38, 0),
(31, 39, 0),
(31, 40, 0),
(31, 41, 0),
(31, 46, 0),
(31, 43, 0),
(31, 45, 0),
(31, 47, 0),
(31, 48, 0),
(31, 49, 0),
(31, 50, 0),
(31, 51, 0),
(31, 52, 0),
(31, 53, 0),
(31, 54, 0),
(31, 55, 1),
(31, 56, 0),
(31, 57, 0),
(31, 58, 0),
(31, 59, 0),
(31, 60, 0),
(31, 61, 0),
(31, 62, 1),
(31, 63, 0),
(31, 64, 1),
(31, 65, 0),
(31, 66, 0),
(31, 67, 0),
(31, 68, 0),
(31, 69, 0),
(31, 70, 0),
(31, 74, 0),
(31, 24, 1),
(31, 25, 0),
(31, 26, 0),
(31, 1, 1),
(31, 2, 0),
(31, 3, 0),
(31, 4, 0),
(31, 5, 0),
(31, 6, 1),
(31, 7, 0),
(31, 8, 0),
(31, 9, 0),
(31, 10, 0),
(31, 11, 0),
(31, 12, 0),
(31, 14, 1),
(31, 15, 0),
(31, 16, 0),
(31, 18, 0),
(31, 19, 0),
(31, 20, 0),
(31, 21, 0),
(31, 22, 0),
(31, 23, 0),
(32, 32, 0),
(32, 33, 0),
(32, 34, 0),
(32, 35, 0),
(32, 73, 0),
(32, 36, 0),
(32, 37, 0),
(32, 38, 0),
(32, 39, 0),
(32, 40, 0),
(32, 41, 0),
(32, 46, 0),
(32, 43, 0),
(32, 45, 0),
(32, 47, 0),
(32, 48, 0),
(32, 49, 0),
(32, 50, 0),
(32, 51, 0),
(32, 52, 0),
(32, 53, 0),
(32, 54, 0),
(32, 55, 0),
(32, 56, 0),
(32, 57, 0),
(32, 58, 0),
(32, 59, 0),
(32, 60, 0),
(32, 61, 0),
(32, 62, 1),
(32, 63, 0),
(32, 64, 0),
(32, 65, 0),
(32, 66, 0),
(32, 67, 0),
(32, 68, 0),
(32, 69, 0),
(32, 70, 0),
(32, 74, 0),
(32, 24, 1),
(32, 25, 0),
(32, 26, 0),
(32, 1, 1),
(32, 2, 0),
(32, 3, 0),
(32, 4, 0),
(32, 5, 0),
(32, 6, 0),
(32, 7, 0),
(32, 8, 0),
(32, 9, 0),
(32, 10, 1),
(32, 11, 0),
(32, 12, 0),
(32, 14, 1),
(32, 15, 0),
(32, 16, 0),
(32, 18, 0),
(32, 19, 0),
(32, 20, 0),
(32, 21, 0),
(32, 22, 0),
(32, 23, 0),
(33, 32, 0),
(33, 33, 0),
(33, 34, 0),
(33, 35, 0),
(33, 73, 0),
(33, 36, 0),
(33, 37, 0),
(33, 38, 0),
(33, 39, 0),
(33, 40, 0),
(33, 41, 0),
(33, 46, 0),
(33, 43, 0),
(33, 45, 0),
(33, 47, 0),
(33, 48, 0),
(33, 49, 0),
(33, 50, 0),
(33, 51, 0),
(33, 52, 0),
(33, 53, 0),
(33, 54, 0),
(33, 55, 0),
(33, 56, 1),
(33, 57, 0),
(33, 58, 0),
(33, 59, 0),
(33, 60, 0),
(33, 61, 0),
(33, 62, 1),
(33, 63, 0),
(33, 64, 0),
(33, 65, 0),
(33, 66, 0),
(33, 67, 0),
(33, 68, 0),
(33, 69, 0),
(33, 70, 0),
(33, 74, 0),
(33, 24, 1),
(33, 25, 0),
(33, 26, 0),
(33, 1, 1),
(33, 2, 0),
(33, 3, 0),
(33, 4, 0),
(33, 5, 0),
(33, 6, 0),
(33, 7, 0),
(33, 8, 0),
(33, 9, 0),
(33, 10, 1),
(33, 11, 0),
(33, 12, 0),
(33, 14, 1),
(33, 15, 0),
(33, 16, 0),
(33, 18, 0),
(33, 19, 0),
(33, 20, 0),
(33, 21, 0),
(33, 22, 0),
(33, 23, 0),
(34, 32, 0),
(34, 33, 0),
(34, 34, 0),
(34, 35, 0),
(34, 73, 0),
(34, 36, 0),
(34, 37, 0),
(34, 38, 0),
(34, 39, 0),
(34, 40, 0),
(34, 41, 0),
(34, 46, 0),
(34, 43, 0),
(34, 45, 0),
(34, 47, 0),
(34, 48, 0),
(34, 49, 0),
(34, 50, 0),
(34, 51, 0),
(34, 52, 0),
(34, 53, 0),
(34, 54, 0),
(34, 55, 0),
(34, 56, 1),
(34, 57, 0),
(34, 58, 0),
(34, 59, 0),
(34, 60, 0),
(34, 61, 0),
(34, 62, 1),
(34, 63, 0),
(34, 64, 1),
(34, 65, 0),
(34, 66, 0),
(34, 67, 0),
(34, 68, 0),
(34, 69, 0),
(34, 70, 0),
(34, 74, 0),
(34, 24, 1),
(34, 25, 0),
(34, 26, 0),
(34, 1, 1),
(34, 2, 0),
(34, 3, 0),
(34, 4, 0),
(34, 5, 0),
(34, 6, 0),
(34, 7, 0),
(34, 8, 0),
(34, 9, 0),
(34, 10, 1),
(34, 11, 0),
(34, 12, 0),
(34, 14, 1),
(34, 15, 0),
(34, 16, 0),
(34, 18, 0),
(34, 19, 0),
(34, 20, 0),
(34, 21, 0),
(34, 22, 0),
(34, 23, 0),
(35, 32, 0),
(35, 33, 0),
(35, 34, 0),
(35, 35, 0),
(35, 73, 0),
(35, 36, 0),
(35, 37, 0),
(35, 38, 1),
(35, 39, 0),
(35, 40, 0),
(35, 41, 0),
(35, 46, 0),
(35, 43, 0),
(35, 45, 0),
(35, 47, 0),
(35, 48, 0),
(35, 49, 0),
(35, 50, 0),
(35, 51, 0),
(35, 52, 0),
(35, 53, 0),
(35, 54, 0),
(35, 55, 0),
(35, 56, 0),
(35, 57, 0),
(35, 58, 0),
(35, 59, 0),
(35, 60, 0),
(35, 61, 1),
(35, 62, 0),
(35, 63, 0),
(35, 64, 0),
(35, 65, 0),
(35, 66, 0),
(35, 67, 0),
(35, 68, 0),
(35, 69, 0),
(35, 70, 0),
(35, 74, 0),
(35, 24, 1),
(35, 25, 0),
(35, 26, 0),
(35, 1, 1),
(35, 2, 0),
(35, 3, 0),
(35, 4, 0),
(35, 5, 0),
(35, 6, 0),
(35, 7, 0),
(35, 8, 0),
(35, 9, 0),
(35, 10, 0),
(35, 11, 1),
(35, 12, 0),
(35, 14, 0),
(35, 15, 1),
(35, 16, 0),
(35, 18, 0),
(35, 19, 0),
(35, 20, 0),
(35, 21, 0),
(35, 22, 0),
(35, 23, 0),
(36, 32, 0),
(36, 33, 0),
(36, 34, 0),
(36, 35, 0),
(36, 73, 0),
(36, 36, 0),
(36, 37, 0),
(36, 38, 1),
(36, 39, 0),
(36, 40, 0),
(36, 41, 0),
(36, 46, 0),
(36, 43, 0),
(36, 45, 0),
(36, 47, 0),
(36, 48, 0),
(36, 49, 0),
(36, 50, 0),
(36, 51, 0),
(36, 52, 0),
(36, 53, 0),
(36, 54, 0),
(36, 55, 0),
(36, 56, 0),
(36, 57, 0),
(36, 58, 0),
(36, 59, 0),
(36, 60, 0),
(36, 61, 1),
(36, 62, 0),
(36, 63, 0),
(36, 64, 0),
(36, 65, 0),
(36, 66, 0),
(36, 67, 0),
(36, 68, 0),
(36, 69, 0),
(36, 70, 0),
(36, 74, 0),
(36, 24, 1),
(36, 25, 0),
(36, 26, 0),
(36, 1, 1),
(36, 2, 0),
(36, 3, 0),
(36, 4, 0),
(36, 5, 0),
(36, 6, 0),
(36, 7, 0),
(36, 8, 0),
(36, 9, 0),
(36, 10, 0),
(36, 11, 1),
(36, 12, 0),
(36, 14, 0),
(36, 15, 1),
(36, 16, 0),
(36, 18, 0),
(36, 19, 0),
(36, 20, 0),
(36, 21, 0),
(36, 22, 0),
(36, 23, 0),
(37, 32, 0),
(37, 33, 0),
(37, 34, 0),
(37, 35, 0),
(37, 73, 0),
(37, 36, 0),
(37, 37, 0),
(37, 38, 0),
(37, 39, 0),
(37, 40, 0),
(37, 41, 0),
(37, 46, 0),
(37, 43, 0),
(37, 45, 0),
(37, 47, 0),
(37, 48, 0),
(37, 49, 0),
(37, 50, 0),
(37, 51, 0),
(37, 52, 0),
(37, 53, 0),
(37, 54, 0),
(37, 55, 0),
(37, 56, 0),
(37, 57, 0),
(37, 58, 1),
(37, 59, 0),
(37, 60, 0),
(37, 61, 0),
(37, 62, 0),
(37, 63, 0),
(37, 64, 0),
(37, 65, 0),
(37, 66, 0),
(37, 67, 0),
(37, 68, 0),
(37, 69, 0),
(37, 70, 0),
(37, 74, 0),
(37, 24, 1),
(37, 25, 0),
(37, 26, 0),
(37, 1, 1),
(37, 2, 0),
(37, 3, 0),
(37, 4, 0),
(37, 5, 0),
(37, 6, 0),
(37, 7, 0),
(37, 8, 1),
(37, 9, 0),
(37, 10, 0),
(37, 11, 0),
(37, 12, 0),
(37, 14, 1),
(37, 15, 0),
(37, 16, 0),
(37, 18, 0),
(37, 19, 0),
(37, 20, 0),
(37, 21, 0),
(37, 22, 0),
(37, 23, 0),
(38, 32, 0),
(38, 33, 0),
(38, 34, 0),
(38, 35, 0),
(38, 73, 0),
(38, 36, 0),
(38, 37, 0),
(38, 38, 0),
(38, 39, 0),
(38, 40, 0),
(38, 41, 0),
(38, 46, 0),
(38, 43, 0),
(38, 45, 0),
(38, 47, 0),
(38, 48, 0),
(38, 49, 0),
(38, 50, 0),
(38, 51, 0),
(38, 52, 0),
(38, 53, 0),
(38, 54, 0),
(38, 55, 0),
(38, 56, 0),
(38, 57, 0),
(38, 58, 1),
(38, 59, 0),
(38, 60, 0),
(38, 61, 0),
(38, 62, 0),
(38, 63, 0),
(38, 64, 0),
(38, 65, 0),
(38, 66, 0),
(38, 67, 0),
(38, 68, 0),
(38, 69, 0),
(38, 70, 0),
(38, 74, 0),
(38, 24, 1),
(38, 25, 0),
(38, 26, 0),
(38, 1, 1),
(38, 2, 0),
(38, 3, 0),
(38, 4, 0),
(38, 5, 0),
(38, 6, 0),
(38, 7, 0),
(38, 8, 0),
(38, 9, 1),
(38, 10, 0),
(38, 11, 0),
(38, 12, 0),
(38, 14, 1),
(38, 15, 0),
(38, 16, 0),
(38, 18, 0),
(38, 19, 0),
(38, 20, 0),
(38, 21, 0),
(38, 22, 0),
(38, 23, 0),
(39, 32, 0),
(39, 33, 0),
(39, 34, 0),
(39, 35, 0),
(39, 73, 0),
(39, 36, 0),
(39, 37, 0),
(39, 38, 1),
(39, 39, 0),
(39, 40, 0),
(39, 41, 0),
(39, 46, 0),
(39, 43, 0),
(39, 45, 0),
(39, 47, 0),
(39, 48, 0),
(39, 49, 0),
(39, 50, 0),
(39, 51, 0),
(39, 52, 0),
(39, 53, 0),
(39, 54, 0),
(39, 55, 0),
(39, 56, 0),
(39, 57, 0),
(39, 58, 0),
(39, 59, 0),
(39, 60, 0),
(39, 61, 1),
(39, 62, 0),
(39, 63, 0),
(39, 64, 0),
(39, 65, 0),
(39, 66, 0),
(39, 67, 0),
(39, 68, 0),
(39, 69, 0),
(39, 70, 0),
(39, 74, 0),
(39, 24, 1),
(39, 25, 0),
(39, 26, 0),
(39, 1, 1),
(39, 2, 0),
(39, 3, 0),
(39, 4, 0),
(39, 5, 0),
(39, 6, 0),
(39, 7, 0),
(39, 8, 0),
(39, 9, 0),
(39, 10, 0),
(39, 11, 1),
(39, 12, 0),
(39, 14, 1),
(39, 15, 0),
(39, 16, 0),
(39, 18, 0),
(39, 19, 0),
(39, 20, 0),
(39, 21, 0),
(39, 22, 0),
(39, 23, 0),
(40, 32, 0),
(40, 33, 0),
(40, 34, 0),
(40, 35, 0),
(40, 73, 0),
(40, 36, 0),
(40, 37, 0),
(40, 38, 1),
(40, 39, 0),
(40, 40, 0),
(40, 41, 0),
(40, 46, 0),
(40, 43, 0),
(40, 45, 0),
(40, 47, 0),
(40, 48, 0),
(40, 49, 0),
(40, 50, 0),
(40, 51, 0),
(40, 52, 0),
(40, 53, 0),
(40, 54, 0),
(40, 55, 0),
(40, 56, 0),
(40, 57, 0),
(40, 58, 0),
(40, 59, 0),
(40, 60, 0),
(40, 61, 1),
(40, 62, 0),
(40, 63, 0),
(40, 64, 0),
(40, 65, 0),
(40, 66, 0),
(40, 67, 0),
(40, 68, 0),
(40, 69, 0),
(40, 70, 0),
(40, 74, 0),
(40, 24, 1),
(40, 25, 0),
(40, 26, 0),
(40, 1, 1),
(40, 2, 0),
(40, 3, 0),
(40, 4, 0),
(40, 5, 0),
(40, 6, 0),
(40, 7, 0),
(40, 8, 0),
(40, 9, 0),
(40, 10, 0),
(40, 11, 1),
(40, 12, 0),
(40, 14, 1),
(40, 15, 0),
(40, 16, 0),
(40, 18, 0),
(40, 19, 0),
(40, 20, 0),
(40, 21, 0),
(40, 22, 0),
(40, 23, 0),
(41, 32, 0),
(41, 33, 0),
(41, 34, 0),
(41, 35, 0),
(41, 73, 0),
(41, 36, 0),
(41, 37, 0),
(41, 38, 0),
(41, 39, 0),
(41, 40, 0),
(41, 41, 0),
(41, 46, 0),
(41, 43, 0),
(41, 45, 0),
(41, 47, 0),
(41, 48, 1),
(41, 49, 0),
(41, 50, 1),
(41, 51, 0),
(41, 52, 0),
(41, 53, 0),
(41, 54, 0),
(41, 55, 0),
(41, 56, 0),
(41, 57, 0),
(41, 58, 0),
(41, 59, 0),
(41, 60, 0),
(41, 61, 0),
(41, 62, 0),
(41, 63, 0),
(41, 64, 1),
(41, 65, 0),
(41, 66, 0),
(41, 67, 0),
(41, 68, 0),
(41, 69, 0),
(41, 70, 0),
(41, 74, 1),
(41, 24, 1),
(41, 25, 0),
(41, 26, 0),
(41, 1, 1),
(41, 2, 0),
(41, 3, 0),
(41, 4, 0),
(41, 5, 0),
(41, 6, 0),
(41, 7, 0),
(41, 8, 0),
(41, 9, 0),
(41, 10, 1),
(41, 11, 0),
(41, 12, 0),
(41, 14, 0),
(41, 15, 0),
(41, 16, 0),
(41, 18, 0),
(41, 19, 0),
(41, 20, 1),
(41, 21, 0),
(41, 22, 0),
(41, 23, 0),
(42, 32, 0),
(42, 33, 0),
(42, 34, 0),
(42, 35, 0),
(42, 73, 0),
(42, 36, 0),
(42, 37, 0),
(42, 38, 0),
(42, 39, 0),
(42, 40, 0),
(42, 41, 0),
(42, 46, 0),
(42, 43, 0),
(42, 45, 0),
(42, 47, 0),
(42, 48, 1),
(42, 49, 0),
(42, 50, 1),
(42, 51, 0),
(42, 52, 0),
(42, 53, 0),
(42, 54, 0),
(42, 55, 0),
(42, 56, 0),
(42, 57, 0),
(42, 58, 0),
(42, 59, 0),
(42, 60, 0),
(42, 61, 0),
(42, 62, 0),
(42, 63, 0),
(42, 64, 1),
(42, 65, 0),
(42, 66, 0),
(42, 67, 0),
(42, 68, 0),
(42, 69, 0),
(42, 70, 0),
(42, 74, 1),
(42, 24, 1),
(42, 25, 0),
(42, 26, 0),
(42, 1, 1),
(42, 2, 0),
(42, 3, 0),
(42, 4, 0),
(42, 5, 0),
(42, 6, 0),
(42, 7, 0),
(42, 8, 0),
(42, 9, 0),
(42, 10, 1),
(42, 11, 0),
(42, 12, 0),
(42, 14, 0),
(42, 15, 0),
(42, 16, 0),
(42, 18, 0),
(42, 19, 0),
(42, 20, 1),
(42, 21, 0),
(42, 22, 0),
(42, 23, 0),
(43, 32, 0),
(43, 33, 0),
(43, 34, 0),
(43, 35, 0),
(43, 73, 1),
(43, 36, 0),
(43, 37, 0),
(43, 38, 0),
(43, 39, 0),
(43, 40, 0),
(43, 41, 0),
(43, 46, 0),
(43, 43, 0),
(43, 45, 0),
(43, 47, 0),
(43, 48, 0),
(43, 49, 0),
(43, 50, 0),
(43, 51, 0),
(43, 52, 0),
(43, 53, 0),
(43, 54, 0),
(43, 55, 0),
(43, 56, 0),
(43, 57, 1),
(43, 58, 0),
(43, 59, 0),
(43, 60, 0),
(43, 61, 0),
(43, 62, 1),
(43, 63, 0),
(43, 64, 0),
(43, 65, 0),
(43, 66, 0),
(43, 67, 0),
(43, 68, 0),
(43, 69, 0),
(43, 70, 0),
(43, 74, 0),
(43, 24, 1),
(43, 25, 0),
(43, 26, 0),
(43, 1, 1),
(43, 2, 0),
(43, 3, 0),
(43, 4, 0),
(43, 5, 0),
(43, 6, 1),
(43, 7, 0),
(43, 8, 0),
(43, 9, 0),
(43, 10, 0),
(43, 11, 0),
(43, 12, 0),
(43, 14, 1),
(43, 15, 0),
(43, 16, 0),
(43, 18, 0),
(43, 19, 0),
(43, 20, 0),
(43, 21, 0),
(43, 22, 0),
(43, 23, 0),
(44, 32, 0),
(44, 33, 0),
(44, 34, 0),
(44, 35, 0),
(44, 73, 1),
(44, 36, 0),
(44, 37, 0),
(44, 38, 0),
(44, 39, 0),
(44, 40, 0),
(44, 41, 0),
(44, 46, 0),
(44, 43, 0),
(44, 45, 0),
(44, 47, 0),
(44, 48, 0),
(44, 49, 0),
(44, 50, 0),
(44, 51, 0),
(44, 52, 0),
(44, 53, 0),
(44, 54, 0),
(44, 55, 0),
(44, 56, 0),
(44, 57, 1),
(44, 58, 0),
(44, 59, 0),
(44, 60, 0),
(44, 61, 0),
(44, 62, 1),
(44, 63, 0),
(44, 64, 0),
(44, 65, 0),
(44, 66, 0),
(44, 67, 0),
(44, 68, 0),
(44, 69, 0),
(44, 70, 0),
(44, 74, 0),
(44, 24, 1),
(44, 25, 0),
(44, 26, 0),
(44, 1, 1),
(44, 2, 0),
(44, 3, 0),
(44, 4, 0),
(44, 5, 0),
(44, 6, 1),
(44, 7, 0),
(44, 8, 0),
(44, 9, 0),
(44, 10, 0),
(44, 11, 0),
(44, 12, 0),
(44, 14, 1),
(44, 15, 0),
(44, 16, 0),
(44, 18, 0),
(44, 19, 0),
(44, 20, 0),
(44, 21, 0),
(44, 22, 0),
(44, 23, 0),
(45, 32, 0),
(45, 33, 0),
(45, 34, 0),
(45, 35, 0),
(45, 73, 1),
(45, 36, 0),
(45, 37, 0),
(45, 38, 0),
(45, 39, 0),
(45, 40, 0),
(45, 41, 0),
(45, 46, 0),
(45, 43, 0),
(45, 45, 0),
(45, 47, 0),
(45, 48, 0),
(45, 49, 0),
(45, 50, 0),
(45, 51, 0),
(45, 52, 0),
(45, 53, 0),
(45, 54, 0),
(45, 55, 0),
(45, 56, 0),
(45, 57, 1),
(45, 58, 0),
(45, 59, 0),
(45, 60, 0),
(45, 61, 0),
(45, 62, 1),
(45, 63, 0),
(45, 64, 0),
(45, 65, 0),
(45, 66, 0),
(45, 67, 0),
(45, 68, 0),
(45, 69, 0),
(45, 70, 0),
(45, 74, 0),
(45, 24, 1),
(45, 25, 0),
(45, 26, 0),
(45, 1, 1),
(45, 2, 0),
(45, 3, 0),
(45, 4, 0),
(45, 5, 1),
(45, 6, 0),
(45, 7, 0),
(45, 8, 0),
(45, 9, 0),
(45, 10, 0),
(45, 11, 0),
(45, 12, 0),
(45, 14, 1),
(45, 15, 0),
(45, 16, 0),
(45, 18, 0),
(45, 19, 0),
(45, 20, 0),
(45, 21, 0),
(45, 22, 0),
(45, 23, 0),
(46, 32, 0),
(46, 33, 0),
(46, 34, 0),
(46, 35, 0),
(46, 73, 0),
(46, 36, 0),
(46, 37, 0),
(46, 38, 0),
(46, 39, 0),
(46, 40, 0),
(46, 41, 1),
(46, 46, 0),
(46, 43, 0),
(46, 45, 0),
(46, 47, 0),
(46, 48, 0),
(46, 49, 0),
(46, 50, 0),
(46, 51, 0),
(46, 52, 0),
(46, 53, 0),
(46, 54, 0),
(46, 55, 0),
(46, 56, 0),
(46, 57, 1),
(46, 58, 0),
(46, 59, 0),
(46, 60, 1),
(46, 61, 0),
(46, 62, 0),
(46, 63, 0),
(46, 64, 0),
(46, 65, 0),
(46, 66, 0),
(46, 67, 0),
(46, 68, 0),
(46, 69, 0),
(46, 70, 0),
(46, 74, 0),
(46, 24, 1),
(46, 25, 0),
(46, 26, 0),
(46, 1, 1),
(46, 2, 0),
(46, 3, 0),
(46, 4, 0),
(46, 5, 1),
(46, 6, 0),
(46, 7, 0),
(46, 8, 0),
(46, 9, 0),
(46, 10, 0),
(46, 11, 0),
(46, 12, 0),
(46, 14, 0),
(46, 15, 0),
(46, 16, 0),
(46, 18, 1),
(46, 19, 0),
(46, 20, 0),
(46, 21, 0),
(46, 22, 0),
(46, 23, 0),
(47, 32, 0),
(47, 33, 0),
(47, 34, 0),
(47, 35, 0),
(47, 73, 0),
(47, 36, 0),
(47, 37, 0),
(47, 38, 0),
(47, 39, 0),
(47, 40, 0),
(47, 41, 1),
(47, 46, 0),
(47, 43, 0),
(47, 45, 0),
(47, 47, 0),
(47, 48, 0),
(47, 49, 0),
(47, 50, 0),
(47, 51, 0),
(47, 52, 0),
(47, 53, 0),
(47, 54, 0),
(47, 55, 0),
(47, 56, 0),
(47, 57, 1),
(47, 58, 0),
(47, 59, 0),
(47, 60, 1),
(47, 61, 0),
(47, 62, 0),
(47, 63, 0),
(47, 64, 0),
(47, 65, 0),
(47, 66, 0),
(47, 67, 0),
(47, 68, 0),
(47, 69, 0),
(47, 70, 0),
(47, 74, 0),
(47, 24, 1),
(47, 25, 0),
(47, 26, 0),
(47, 1, 1),
(47, 2, 0),
(47, 3, 0),
(47, 4, 0),
(47, 5, 1),
(47, 6, 0),
(47, 7, 0),
(47, 8, 0),
(47, 9, 0),
(47, 10, 0),
(47, 11, 0),
(47, 12, 0),
(47, 14, 0),
(47, 15, 0),
(47, 16, 0),
(47, 18, 1),
(47, 19, 0),
(47, 20, 0),
(47, 21, 0),
(47, 22, 0),
(47, 23, 0),
(48, 32, 0),
(48, 33, 0),
(48, 34, 0),
(48, 35, 0),
(48, 73, 0),
(48, 36, 0),
(48, 37, 0),
(48, 38, 0),
(48, 39, 1),
(48, 40, 0),
(48, 41, 0),
(48, 46, 0),
(48, 43, 0),
(48, 45, 0),
(48, 47, 0),
(48, 48, 0),
(48, 49, 0),
(48, 50, 0),
(48, 51, 0),
(48, 52, 0),
(48, 53, 0),
(48, 54, 0),
(48, 55, 0),
(48, 56, 0),
(48, 57, 0),
(48, 58, 0),
(48, 59, 0),
(48, 60, 1),
(48, 61, 0),
(48, 62, 1),
(48, 63, 0),
(48, 64, 0),
(48, 65, 0),
(48, 66, 0),
(48, 67, 0),
(48, 68, 0),
(48, 69, 0),
(48, 70, 0),
(48, 74, 0),
(48, 24, 1),
(48, 25, 0),
(48, 26, 0),
(48, 1, 1),
(48, 2, 0),
(48, 3, 0),
(48, 4, 0),
(48, 5, 0),
(48, 6, 0),
(48, 7, 0),
(48, 8, 0),
(48, 9, 0),
(48, 10, 1),
(48, 11, 0),
(48, 12, 0),
(48, 14, 0),
(48, 15, 0),
(48, 16, 0),
(48, 18, 1),
(48, 19, 0),
(48, 20, 0),
(48, 21, 0),
(48, 22, 0),
(48, 23, 0),
(49, 32, 0),
(49, 33, 0),
(49, 34, 0),
(49, 35, 0),
(49, 73, 0),
(49, 36, 0),
(49, 37, 0),
(49, 38, 0),
(49, 39, 0),
(49, 40, 0),
(49, 41, 0),
(49, 46, 0),
(49, 43, 0),
(49, 45, 0),
(49, 47, 0),
(49, 48, 0),
(49, 49, 0),
(49, 50, 0),
(49, 51, 0),
(49, 52, 0),
(49, 53, 0),
(49, 54, 0),
(49, 55, 0),
(49, 56, 0),
(49, 57, 0),
(49, 58, 0),
(49, 59, 0),
(49, 60, 1),
(49, 61, 0),
(49, 62, 1),
(49, 63, 0),
(49, 64, 0),
(49, 65, 0),
(49, 66, 0),
(49, 67, 0),
(49, 68, 0),
(49, 69, 0),
(49, 70, 0),
(49, 74, 0),
(49, 24, 1),
(49, 25, 0),
(49, 26, 0),
(49, 1, 1),
(49, 2, 0),
(49, 3, 0),
(49, 4, 0),
(49, 5, 0),
(49, 6, 0),
(49, 7, 0),
(49, 8, 0),
(49, 9, 0),
(49, 10, 1),
(49, 11, 0),
(49, 12, 0),
(49, 14, 0),
(49, 15, 0),
(49, 16, 0),
(49, 18, 1),
(49, 19, 0),
(49, 20, 0),
(49, 21, 0),
(49, 22, 0),
(49, 23, 0),
(50, 32, 0),
(50, 33, 1),
(50, 34, 0),
(50, 35, 0),
(50, 73, 0),
(50, 36, 0),
(50, 37, 0),
(50, 38, 0),
(50, 39, 0),
(50, 40, 0),
(50, 41, 0),
(50, 46, 0),
(50, 43, 0),
(50, 45, 0),
(50, 47, 0),
(50, 48, 0),
(50, 49, 0),
(50, 50, 0),
(50, 51, 0),
(50, 52, 0),
(50, 53, 0),
(50, 54, 0),
(50, 55, 0),
(50, 56, 0),
(50, 57, 0),
(50, 58, 0),
(50, 59, 0),
(50, 60, 0),
(50, 61, 0),
(50, 62, 0),
(50, 63, 0),
(50, 64, 1),
(50, 65, 0),
(50, 66, 0),
(50, 67, 0),
(50, 68, 0),
(50, 69, 0),
(50, 70, 0),
(50, 74, 0),
(50, 24, 1),
(50, 25, 0),
(50, 26, 0),
(50, 1, 1),
(50, 2, 0),
(50, 3, 0),
(50, 4, 0),
(50, 5, 0),
(50, 6, 0),
(50, 7, 0),
(50, 8, 1),
(50, 9, 0),
(50, 10, 0),
(50, 11, 0),
(50, 12, 0),
(50, 14, 0),
(50, 15, 0),
(50, 16, 0),
(50, 18, 0),
(50, 19, 0),
(50, 20, 1),
(50, 21, 0),
(50, 22, 0),
(50, 23, 0),
(51, 32, 0),
(51, 33, 1),
(51, 34, 0),
(51, 35, 0),
(51, 73, 0),
(51, 36, 0),
(51, 37, 0),
(51, 38, 0),
(51, 39, 0),
(51, 40, 0),
(51, 41, 0),
(51, 46, 0),
(51, 43, 0),
(51, 45, 0),
(51, 47, 0),
(51, 48, 0),
(51, 49, 0),
(51, 50, 0),
(51, 51, 0),
(51, 52, 0),
(51, 53, 0),
(51, 54, 0),
(51, 55, 0),
(51, 56, 0),
(51, 57, 0),
(51, 58, 0),
(51, 59, 0),
(51, 60, 0),
(51, 61, 0),
(51, 62, 0),
(51, 63, 0),
(51, 64, 1),
(51, 65, 0),
(51, 66, 0),
(51, 67, 0),
(51, 68, 0),
(51, 69, 0),
(51, 70, 0),
(51, 74, 0),
(51, 24, 1),
(51, 25, 0),
(51, 26, 0),
(51, 1, 1),
(51, 2, 0),
(51, 3, 0),
(51, 4, 0),
(51, 5, 0),
(51, 6, 0),
(51, 7, 0),
(51, 8, 1),
(51, 9, 0),
(51, 10, 0),
(51, 11, 0),
(51, 12, 0),
(51, 14, 0),
(51, 15, 0),
(51, 16, 0),
(51, 18, 0),
(51, 19, 0),
(51, 20, 1),
(51, 21, 0),
(51, 22, 0),
(51, 23, 0),
(52, 32, 0),
(52, 33, 0),
(52, 34, 0),
(52, 35, 0),
(52, 73, 0),
(52, 36, 0),
(52, 37, 0),
(52, 38, 0),
(52, 39, 0),
(52, 40, 0),
(52, 41, 0),
(52, 46, 0),
(52, 43, 0),
(52, 45, 0),
(52, 47, 0),
(52, 48, 0),
(52, 49, 0),
(52, 50, 0),
(52, 51, 0),
(52, 52, 0),
(52, 53, 0),
(52, 54, 0),
(52, 55, 0),
(52, 56, 0),
(52, 57, 0),
(52, 58, 0),
(52, 59, 0),
(52, 60, 0),
(52, 61, 1),
(52, 62, 0),
(52, 63, 0),
(52, 64, 0),
(52, 65, 0),
(52, 66, 0),
(52, 67, 0),
(52, 68, 0),
(52, 69, 0),
(52, 70, 0),
(52, 74, 0),
(52, 24, 1),
(52, 25, 0),
(52, 26, 0),
(52, 1, 1),
(52, 2, 0),
(52, 3, 0),
(52, 4, 0),
(52, 5, 0),
(52, 6, 0),
(52, 7, 0),
(52, 8, 0),
(52, 9, 1),
(52, 10, 0),
(52, 11, 0),
(52, 12, 0),
(52, 14, 0),
(52, 15, 0),
(52, 16, 0),
(52, 18, 0),
(52, 19, 0),
(52, 20, 0),
(52, 21, 1),
(52, 22, 0),
(52, 23, 0),
(53, 32, 0),
(53, 33, 0),
(53, 34, 0),
(53, 35, 0),
(53, 73, 0),
(53, 36, 0),
(53, 37, 0),
(53, 38, 0),
(53, 39, 0),
(53, 40, 0),
(53, 41, 0),
(53, 46, 0),
(53, 43, 0),
(53, 45, 0),
(53, 47, 0),
(53, 48, 0),
(53, 49, 0),
(53, 50, 0),
(53, 51, 0),
(53, 52, 0),
(53, 53, 0),
(53, 54, 0),
(53, 55, 0),
(53, 56, 0),
(53, 57, 0),
(53, 58, 0),
(53, 59, 0),
(53, 60, 0),
(53, 61, 1),
(53, 62, 0),
(53, 63, 0),
(53, 64, 0),
(53, 65, 0),
(53, 66, 0),
(53, 67, 0),
(53, 68, 0),
(53, 69, 0),
(53, 70, 0),
(53, 74, 0),
(53, 24, 1),
(53, 25, 0),
(53, 26, 0),
(53, 1, 1),
(53, 2, 0),
(53, 3, 0),
(53, 4, 0),
(53, 5, 0),
(53, 6, 0),
(53, 7, 0),
(53, 8, 0),
(53, 9, 1),
(53, 10, 0),
(53, 11, 0),
(53, 12, 0),
(53, 14, 0),
(53, 15, 0),
(53, 16, 0),
(53, 18, 0),
(53, 19, 0),
(53, 20, 0),
(53, 21, 1),
(53, 22, 0),
(53, 23, 0),
(54, 32, 0),
(54, 33, 0),
(54, 34, 0),
(54, 35, 0),
(54, 73, 0),
(54, 36, 0),
(54, 37, 1),
(54, 38, 0),
(54, 39, 0),
(54, 40, 1),
(54, 41, 0),
(54, 46, 0),
(54, 43, 0),
(54, 45, 0),
(54, 47, 0),
(54, 48, 0),
(54, 49, 0),
(54, 50, 0),
(54, 51, 0),
(54, 52, 0),
(54, 53, 0),
(54, 54, 0),
(54, 55, 0),
(54, 56, 0),
(54, 57, 0),
(54, 58, 0),
(54, 59, 1),
(54, 60, 0),
(54, 61, 0),
(54, 62, 0),
(54, 63, 0),
(54, 64, 0),
(54, 65, 0),
(54, 66, 0),
(54, 67, 0),
(54, 68, 0),
(54, 69, 0),
(54, 70, 0),
(54, 74, 0),
(54, 24, 1),
(54, 25, 0),
(54, 26, 0),
(54, 1, 1),
(54, 2, 0),
(54, 3, 0),
(54, 4, 0),
(54, 5, 0),
(54, 6, 0),
(54, 7, 0),
(54, 8, 0),
(54, 9, 1),
(54, 10, 0),
(54, 11, 0),
(54, 12, 0),
(54, 14, 0),
(54, 15, 0),
(54, 16, 1),
(54, 18, 0),
(54, 19, 0),
(54, 20, 0),
(54, 21, 0),
(54, 22, 0),
(54, 23, 0),
(55, 32, 0),
(55, 33, 0),
(55, 34, 0),
(55, 35, 0),
(55, 73, 0),
(55, 36, 0),
(55, 37, 1),
(55, 38, 0),
(55, 39, 0),
(55, 40, 1),
(55, 41, 0),
(55, 46, 0),
(55, 43, 0),
(55, 45, 0),
(55, 47, 0),
(55, 48, 0),
(55, 49, 0),
(55, 50, 0),
(55, 51, 0),
(55, 52, 0),
(55, 53, 0),
(55, 54, 0),
(55, 55, 0),
(55, 56, 0),
(55, 57, 0),
(55, 58, 0),
(55, 59, 1),
(55, 60, 0),
(55, 61, 0),
(55, 62, 0),
(55, 63, 0),
(55, 64, 0),
(55, 65, 0),
(55, 66, 0),
(55, 67, 0),
(55, 68, 0),
(55, 69, 0),
(55, 70, 0),
(55, 74, 0),
(55, 24, 1),
(55, 25, 0),
(55, 26, 0),
(55, 1, 1),
(55, 2, 0),
(55, 3, 0),
(55, 4, 0),
(55, 5, 0),
(55, 6, 1),
(55, 7, 0),
(55, 8, 0),
(55, 9, 0),
(55, 10, 0),
(55, 11, 0),
(55, 12, 0),
(55, 14, 0),
(55, 15, 0),
(55, 16, 1),
(55, 18, 0),
(55, 19, 0),
(55, 20, 0),
(55, 21, 0),
(55, 22, 0),
(55, 23, 0),
(56, 32, 1),
(56, 33, 0),
(56, 34, 0),
(56, 35, 0),
(56, 73, 0),
(56, 36, 0),
(56, 37, 0),
(56, 38, 0),
(56, 39, 0),
(56, 40, 0),
(56, 41, 0),
(56, 46, 0),
(56, 43, 0),
(56, 45, 0),
(56, 47, 0),
(56, 48, 0),
(56, 49, 0),
(56, 50, 0),
(56, 51, 0),
(56, 52, 0),
(56, 53, 0),
(56, 54, 0),
(56, 55, 0),
(56, 56, 0),
(56, 57, 0),
(56, 58, 0),
(56, 59, 0),
(56, 60, 0),
(56, 61, 0),
(56, 62, 0),
(56, 63, 0),
(56, 64, 0),
(56, 65, 1),
(56, 66, 0),
(56, 67, 0),
(56, 68, 0),
(56, 69, 0),
(56, 70, 0),
(56, 74, 0),
(56, 24, 1),
(56, 25, 0),
(56, 26, 0),
(56, 1, 1),
(56, 2, 0),
(56, 3, 0),
(56, 4, 0),
(56, 5, 0),
(56, 6, 0),
(56, 7, 0),
(56, 8, 1),
(56, 9, 0),
(56, 10, 0),
(56, 11, 0),
(56, 12, 0),
(56, 14, 0),
(56, 15, 1),
(56, 16, 0),
(56, 18, 0),
(56, 19, 0),
(56, 20, 0),
(56, 21, 0),
(56, 22, 0),
(56, 23, 0),
(57, 32, 1),
(57, 33, 0),
(57, 34, 0),
(57, 35, 0),
(57, 73, 0),
(57, 36, 0),
(57, 37, 0),
(57, 38, 0),
(57, 39, 0),
(57, 40, 0),
(57, 41, 0),
(57, 46, 0),
(57, 43, 0),
(57, 45, 0),
(57, 47, 0),
(57, 48, 0),
(57, 49, 0),
(57, 50, 0),
(57, 51, 0),
(57, 52, 0),
(57, 53, 0),
(57, 54, 0),
(57, 55, 0),
(57, 56, 0),
(57, 57, 0),
(57, 58, 0),
(57, 59, 0),
(57, 60, 0),
(57, 61, 0),
(57, 62, 0),
(57, 63, 0),
(57, 64, 0),
(57, 65, 1),
(57, 66, 0),
(57, 67, 0),
(57, 68, 0),
(57, 69, 0),
(57, 70, 0),
(57, 74, 0),
(57, 24, 1),
(57, 25, 0),
(57, 26, 0),
(57, 1, 1),
(57, 2, 0),
(57, 3, 0),
(57, 4, 0),
(57, 5, 0),
(57, 6, 0),
(57, 7, 0),
(57, 8, 1),
(57, 9, 0),
(57, 10, 0),
(57, 11, 0),
(57, 12, 0),
(57, 14, 0),
(57, 15, 1),
(57, 16, 0),
(57, 18, 0),
(57, 19, 0),
(57, 20, 0),
(57, 21, 0),
(57, 22, 0),
(57, 23, 0),
(58, 32, 0),
(58, 33, 0),
(58, 34, 0),
(58, 35, 0),
(58, 73, 0),
(58, 36, 0),
(58, 37, 0),
(58, 38, 0),
(58, 39, 0),
(58, 40, 0),
(58, 41, 0),
(58, 46, 0),
(58, 43, 0),
(58, 45, 0),
(58, 47, 0),
(58, 48, 0),
(58, 49, 0),
(58, 50, 0),
(58, 51, 0),
(58, 52, 0),
(58, 53, 0),
(58, 54, 0),
(58, 55, 0),
(58, 56, 0),
(58, 57, 0),
(58, 58, 1),
(58, 59, 0),
(58, 60, 0),
(58, 61, 0),
(58, 62, 0),
(58, 63, 0),
(58, 64, 0),
(58, 65, 0),
(58, 66, 0),
(58, 67, 0),
(58, 68, 0),
(58, 69, 0),
(58, 70, 0),
(58, 74, 0),
(58, 24, 1),
(58, 25, 0),
(58, 26, 0),
(58, 1, 1),
(58, 2, 0),
(58, 3, 0),
(58, 4, 0),
(58, 5, 0),
(58, 6, 0),
(58, 7, 0),
(58, 8, 1),
(58, 9, 0),
(58, 10, 0),
(58, 11, 0),
(58, 12, 0),
(58, 14, 1),
(58, 15, 0),
(58, 16, 0),
(58, 18, 0),
(58, 19, 0),
(58, 20, 0),
(58, 21, 0),
(58, 22, 0),
(58, 23, 0),
(59, 32, 0),
(59, 33, 0),
(59, 34, 0),
(59, 35, 0),
(59, 73, 0),
(59, 36, 0),
(59, 37, 0),
(59, 38, 0),
(59, 39, 0),
(59, 40, 0),
(59, 41, 0),
(59, 46, 0),
(59, 43, 0),
(59, 45, 0),
(59, 47, 0),
(59, 48, 0),
(59, 49, 0),
(59, 50, 0),
(59, 51, 0),
(59, 52, 0),
(59, 53, 0),
(59, 54, 0),
(59, 55, 0),
(59, 56, 0),
(59, 57, 0),
(59, 58, 1),
(59, 59, 0),
(59, 60, 0),
(59, 61, 0),
(59, 62, 0),
(59, 63, 0),
(59, 64, 0),
(59, 65, 0),
(59, 66, 0),
(59, 67, 0),
(59, 68, 0),
(59, 69, 0),
(59, 70, 0),
(59, 74, 0),
(59, 24, 1),
(59, 25, 0),
(59, 26, 0),
(59, 1, 0),
(59, 2, 1),
(59, 3, 0),
(59, 4, 0),
(59, 5, 0),
(59, 6, 0),
(59, 7, 0),
(59, 8, 1),
(59, 9, 0),
(59, 10, 0),
(59, 11, 0),
(59, 12, 0),
(59, 14, 1),
(59, 15, 0),
(59, 16, 0),
(59, 18, 0),
(59, 19, 0),
(59, 20, 0),
(59, 21, 0),
(59, 22, 0),
(59, 23, 0),
(60, 32, 0),
(60, 33, 0),
(60, 34, 0),
(60, 35, 0),
(60, 73, 0),
(60, 36, 0),
(60, 37, 0),
(60, 38, 0),
(60, 39, 0),
(60, 40, 1),
(60, 41, 0),
(60, 46, 0),
(60, 43, 0),
(60, 45, 0),
(60, 47, 0),
(60, 48, 0),
(60, 49, 0),
(60, 50, 0),
(60, 51, 0),
(60, 52, 0),
(60, 53, 0),
(60, 54, 0),
(60, 55, 0),
(60, 56, 0),
(60, 57, 0),
(60, 58, 0),
(60, 59, 1),
(60, 60, 0),
(60, 61, 0),
(60, 62, 0),
(60, 63, 0),
(60, 64, 0),
(60, 65, 0),
(60, 66, 0),
(60, 67, 0),
(60, 68, 0),
(60, 69, 0),
(60, 70, 0),
(60, 74, 0),
(60, 24, 1),
(60, 25, 0),
(60, 26, 0),
(60, 1, 1),
(60, 2, 0),
(60, 3, 0),
(60, 4, 0),
(60, 5, 0),
(60, 6, 1),
(60, 7, 0),
(60, 8, 0),
(60, 9, 0),
(60, 10, 0),
(60, 11, 0),
(60, 12, 0),
(60, 14, 0),
(60, 15, 0),
(60, 16, 1),
(60, 18, 0),
(60, 19, 0),
(60, 20, 0),
(60, 21, 0),
(60, 22, 0),
(60, 23, 0),
(61, 32, 0),
(61, 33, 0),
(61, 34, 0),
(61, 35, 0),
(61, 73, 0),
(61, 36, 0),
(61, 37, 0),
(61, 38, 0),
(61, 39, 0),
(61, 40, 1),
(61, 41, 0),
(61, 46, 0),
(61, 43, 0),
(61, 45, 0),
(61, 47, 0),
(61, 48, 0),
(61, 49, 0),
(61, 50, 0),
(61, 51, 0),
(61, 52, 0),
(61, 53, 0),
(61, 54, 0),
(61, 55, 0),
(61, 56, 0),
(61, 57, 0),
(61, 58, 0),
(61, 59, 1),
(61, 60, 0),
(61, 61, 0),
(61, 62, 0),
(61, 63, 0),
(61, 64, 0),
(61, 65, 0),
(61, 66, 0),
(61, 67, 0),
(61, 68, 0),
(61, 69, 0),
(61, 70, 0),
(61, 74, 0),
(61, 24, 1),
(61, 25, 0),
(61, 26, 0),
(61, 1, 1),
(61, 2, 0),
(61, 3, 0),
(61, 4, 0),
(61, 5, 0),
(61, 6, 1),
(61, 7, 0),
(61, 8, 0),
(61, 9, 0),
(61, 10, 0),
(61, 11, 0),
(61, 12, 0),
(61, 14, 0),
(61, 15, 0),
(61, 16, 1),
(61, 18, 0),
(61, 19, 0),
(61, 20, 0),
(61, 21, 0),
(61, 22, 0),
(61, 23, 0),
(62, 32, 0),
(62, 33, 0),
(62, 34, 0),
(62, 35, 0),
(62, 73, 0),
(62, 36, 0),
(62, 37, 0),
(62, 38, 0),
(62, 39, 0),
(62, 40, 1),
(62, 41, 0),
(62, 46, 0),
(62, 43, 0),
(62, 45, 0),
(62, 47, 0),
(62, 48, 0),
(62, 49, 0),
(62, 50, 0),
(62, 51, 0),
(62, 52, 0),
(62, 53, 0),
(62, 54, 0),
(62, 55, 0),
(62, 56, 0),
(62, 57, 0),
(62, 58, 0),
(62, 59, 1),
(62, 60, 0),
(62, 61, 0),
(62, 62, 0),
(62, 63, 0),
(62, 64, 0),
(62, 65, 1),
(62, 66, 0),
(62, 67, 0),
(62, 68, 0),
(62, 69, 0),
(62, 70, 0),
(62, 74, 0),
(62, 24, 1),
(62, 25, 0),
(62, 26, 0),
(62, 1, 1),
(62, 2, 0),
(62, 3, 0),
(62, 4, 0),
(62, 5, 0),
(62, 6, 1),
(62, 7, 0),
(62, 8, 0),
(62, 9, 0),
(62, 10, 0),
(62, 11, 0),
(62, 12, 0),
(62, 14, 0),
(62, 15, 0),
(62, 16, 1),
(62, 18, 0),
(62, 19, 0),
(62, 20, 0),
(62, 21, 0),
(62, 22, 0),
(62, 23, 0),
(63, 32, 0),
(63, 33, 0),
(63, 34, 0),
(63, 35, 0),
(63, 73, 0),
(63, 36, 0),
(63, 37, 0),
(63, 38, 0),
(63, 39, 0),
(63, 40, 0),
(63, 41, 0),
(63, 46, 0),
(63, 43, 0),
(63, 45, 0),
(63, 47, 0),
(63, 48, 1),
(63, 49, 0),
(63, 50, 0),
(63, 51, 0),
(63, 52, 0),
(63, 53, 0),
(63, 54, 0),
(63, 55, 0),
(63, 56, 0),
(63, 57, 0),
(63, 58, 0),
(63, 59, 0),
(63, 60, 0),
(63, 61, 0),
(63, 62, 0),
(63, 63, 0),
(63, 64, 0),
(63, 65, 0),
(63, 66, 0),
(63, 67, 0),
(63, 68, 1),
(63, 69, 0),
(63, 70, 0),
(63, 74, 0),
(63, 24, 1),
(63, 25, 0),
(63, 26, 0),
(63, 1, 1),
(63, 2, 0),
(63, 3, 0),
(63, 4, 0),
(63, 5, 0),
(63, 6, 0),
(63, 7, 0),
(63, 8, 1),
(63, 9, 0),
(63, 10, 0),
(63, 11, 0),
(63, 12, 0),
(63, 14, 0),
(63, 15, 0),
(63, 16, 0),
(63, 18, 0),
(63, 19, 0),
(63, 20, 0),
(63, 21, 1),
(63, 22, 0),
(63, 23, 0),
(64, 32, 0),
(64, 33, 0),
(64, 34, 0),
(64, 35, 0),
(64, 73, 0),
(64, 36, 0),
(64, 37, 0),
(64, 38, 0),
(64, 39, 0),
(64, 40, 0),
(64, 41, 0),
(64, 46, 0),
(64, 43, 0),
(64, 45, 0),
(64, 47, 0),
(64, 48, 1),
(64, 49, 0),
(64, 50, 0),
(64, 51, 0),
(64, 52, 0),
(64, 53, 0),
(64, 54, 0),
(64, 55, 0),
(64, 56, 0),
(64, 57, 0),
(64, 58, 0),
(64, 59, 0),
(64, 60, 0),
(64, 61, 0),
(64, 62, 0),
(64, 63, 0),
(64, 64, 0),
(64, 65, 0),
(64, 66, 0),
(64, 67, 0),
(64, 68, 1),
(64, 69, 0),
(64, 70, 0),
(64, 74, 0),
(64, 24, 1),
(64, 25, 0),
(64, 26, 0),
(64, 1, 1),
(64, 2, 0),
(64, 3, 0),
(64, 4, 0),
(64, 5, 0),
(64, 6, 0),
(64, 7, 0),
(64, 8, 1),
(64, 9, 0),
(64, 10, 0),
(64, 11, 0),
(64, 12, 0),
(64, 14, 0),
(64, 15, 0),
(64, 16, 0),
(64, 18, 0),
(64, 19, 0),
(64, 20, 0),
(64, 21, 1),
(64, 22, 0),
(64, 23, 0),
(65, 32, 0),
(65, 33, 0),
(65, 34, 0),
(65, 35, 0),
(65, 73, 0),
(65, 36, 0),
(65, 37, 0),
(65, 38, 0),
(65, 39, 0),
(65, 40, 0),
(65, 41, 0),
(65, 46, 0),
(65, 43, 0),
(65, 45, 0),
(65, 47, 0),
(65, 48, 1),
(65, 49, 0),
(65, 50, 0),
(65, 51, 0),
(65, 52, 0),
(65, 53, 0),
(65, 54, 0),
(65, 55, 0),
(65, 56, 0),
(65, 57, 0),
(65, 58, 0),
(65, 59, 0),
(65, 60, 0),
(65, 61, 0),
(65, 62, 0),
(65, 63, 0),
(65, 64, 0),
(65, 65, 0),
(65, 66, 0),
(65, 67, 0),
(65, 68, 1),
(65, 69, 0),
(65, 70, 0),
(65, 74, 0),
(65, 24, 1),
(65, 25, 0),
(65, 26, 0),
(65, 1, 1),
(65, 2, 0),
(65, 3, 0),
(65, 4, 0),
(65, 5, 0),
(65, 6, 0),
(65, 7, 0),
(65, 8, 1),
(65, 9, 0),
(65, 10, 0),
(65, 11, 0),
(65, 12, 0),
(65, 14, 0),
(65, 15, 0),
(65, 16, 0),
(65, 18, 0),
(65, 19, 0),
(65, 20, 0),
(65, 21, 1),
(65, 22, 0),
(65, 23, 0),
(66, 32, 0),
(66, 33, 0),
(66, 34, 0),
(66, 35, 0),
(66, 73, 0),
(66, 36, 0),
(66, 37, 0),
(66, 38, 0),
(66, 39, 0),
(66, 40, 0),
(66, 41, 0),
(66, 46, 0),
(66, 43, 1),
(66, 45, 0),
(66, 47, 0),
(66, 48, 0),
(66, 49, 0),
(66, 50, 0),
(66, 51, 0),
(66, 52, 0),
(66, 53, 0),
(66, 54, 0),
(66, 55, 0),
(66, 56, 0),
(66, 57, 0),
(66, 58, 0),
(66, 59, 0),
(66, 60, 0),
(66, 61, 0),
(66, 62, 0),
(66, 63, 0),
(66, 64, 0),
(66, 65, 1),
(66, 66, 0),
(66, 67, 0),
(66, 68, 0),
(66, 69, 0),
(66, 70, 0),
(66, 74, 0),
(66, 24, 1),
(66, 25, 0),
(66, 26, 0),
(66, 1, 1),
(66, 2, 0),
(66, 3, 0),
(66, 4, 0),
(66, 5, 0),
(66, 6, 0),
(66, 7, 0),
(66, 8, 0),
(66, 9, 0),
(66, 10, 0),
(66, 11, 0),
(66, 12, 1),
(66, 14, 0),
(66, 15, 1),
(66, 16, 0),
(66, 18, 0),
(66, 19, 0),
(66, 20, 0),
(66, 21, 0),
(66, 22, 0),
(66, 23, 0),
(67, 32, 0),
(67, 33, 0),
(67, 34, 0),
(67, 35, 0),
(67, 73, 0),
(67, 36, 0),
(67, 37, 0),
(67, 38, 0),
(67, 39, 0),
(67, 40, 0),
(67, 41, 0),
(67, 46, 0),
(67, 43, 1),
(67, 45, 0),
(67, 47, 0),
(67, 48, 0),
(67, 49, 0),
(67, 50, 0),
(67, 51, 0),
(67, 52, 0),
(67, 53, 0),
(67, 54, 0),
(67, 55, 0),
(67, 56, 0),
(67, 57, 0),
(67, 58, 0),
(67, 59, 0),
(67, 60, 0),
(67, 61, 0),
(67, 62, 0),
(67, 63, 0),
(67, 64, 0),
(67, 65, 1),
(67, 66, 0),
(67, 67, 0),
(67, 68, 0),
(67, 69, 0),
(67, 70, 0),
(67, 74, 0),
(67, 24, 1),
(67, 25, 0),
(67, 26, 0),
(67, 1, 1),
(67, 2, 0),
(67, 3, 0),
(67, 4, 0),
(67, 5, 0),
(67, 6, 0),
(67, 7, 0),
(67, 8, 0),
(67, 9, 0),
(67, 10, 0),
(67, 11, 0),
(67, 12, 1),
(67, 14, 0),
(67, 15, 1),
(67, 16, 0),
(67, 18, 0),
(67, 19, 0),
(67, 20, 0),
(67, 21, 0),
(67, 22, 0),
(67, 23, 0),
(68, 32, 0),
(68, 33, 0),
(68, 34, 0),
(68, 35, 0),
(68, 73, 0),
(68, 36, 0),
(68, 37, 0),
(68, 38, 0),
(68, 39, 0),
(68, 40, 0),
(68, 41, 0),
(68, 46, 0),
(68, 43, 1),
(68, 45, 0),
(68, 47, 0),
(68, 48, 0),
(68, 49, 0),
(68, 50, 0),
(68, 51, 0),
(68, 52, 0),
(68, 53, 0),
(68, 54, 0),
(68, 55, 0),
(68, 56, 0),
(68, 57, 0),
(68, 58, 0),
(68, 59, 0),
(68, 60, 0),
(68, 61, 0),
(68, 62, 0),
(68, 63, 0),
(68, 64, 0),
(68, 65, 1),
(68, 66, 0),
(68, 67, 0),
(68, 68, 0),
(68, 69, 0),
(68, 70, 0),
(68, 74, 0),
(68, 24, 1),
(68, 25, 0),
(68, 26, 0),
(68, 1, 0),
(68, 2, 1),
(68, 3, 0),
(68, 4, 0),
(68, 5, 0),
(68, 6, 0),
(68, 7, 0),
(68, 8, 0),
(68, 9, 0),
(68, 10, 0),
(68, 11, 0),
(68, 12, 1),
(68, 14, 0),
(68, 15, 1),
(68, 16, 0),
(68, 18, 0),
(68, 19, 0),
(68, 20, 0),
(68, 21, 0),
(68, 22, 0),
(68, 23, 0),
(69, 32, 0),
(69, 33, 0),
(69, 34, 0),
(69, 35, 0),
(69, 73, 0),
(69, 36, 0),
(69, 37, 0),
(69, 38, 0),
(69, 39, 0),
(69, 40, 0),
(69, 41, 0),
(69, 46, 0),
(69, 43, 0),
(69, 45, 0),
(69, 47, 0),
(69, 48, 0),
(69, 49, 0),
(69, 50, 0),
(69, 51, 0),
(69, 52, 0),
(69, 53, 0),
(69, 54, 0),
(69, 55, 0),
(69, 56, 0),
(69, 57, 1),
(69, 58, 0),
(69, 59, 0),
(69, 60, 0),
(69, 61, 0),
(69, 62, 1),
(69, 63, 0),
(69, 64, 0),
(69, 65, 0),
(69, 66, 0),
(69, 67, 0),
(69, 68, 0),
(69, 69, 0),
(69, 70, 0),
(69, 74, 0),
(69, 24, 1),
(69, 25, 0),
(69, 26, 0),
(69, 1, 1),
(69, 2, 0),
(69, 3, 0),
(69, 4, 1),
(69, 5, 0),
(69, 6, 0),
(69, 7, 0),
(69, 8, 0),
(69, 9, 0),
(69, 10, 0),
(69, 11, 0),
(69, 12, 0),
(69, 14, 0),
(69, 15, 0),
(69, 16, 0),
(69, 18, 1),
(69, 19, 0),
(69, 20, 0),
(69, 21, 0),
(69, 22, 0),
(69, 23, 0),
(70, 32, 0),
(70, 33, 0),
(70, 34, 0),
(70, 35, 0),
(70, 73, 0),
(70, 36, 0),
(70, 37, 0),
(70, 38, 0),
(70, 39, 0),
(70, 40, 0),
(70, 41, 0),
(70, 46, 0),
(70, 43, 0),
(70, 45, 0),
(70, 47, 0),
(70, 48, 0),
(70, 49, 0),
(70, 50, 0),
(70, 51, 0),
(70, 52, 0),
(70, 53, 0),
(70, 54, 0),
(70, 55, 0),
(70, 56, 0),
(70, 57, 1),
(70, 58, 0),
(70, 59, 0),
(70, 60, 0),
(70, 61, 0),
(70, 62, 1),
(70, 63, 0),
(70, 64, 0),
(70, 65, 0),
(70, 66, 0),
(70, 67, 0),
(70, 68, 0),
(70, 69, 0),
(70, 70, 0),
(70, 74, 0),
(70, 24, 1),
(70, 25, 0),
(70, 26, 0),
(70, 1, 1),
(70, 2, 0),
(70, 3, 0),
(70, 4, 1),
(70, 5, 0),
(70, 6, 0),
(70, 7, 0),
(70, 8, 0),
(70, 9, 0),
(70, 10, 0),
(70, 11, 0),
(70, 12, 0),
(70, 14, 0),
(70, 15, 0),
(70, 16, 0),
(70, 18, 1),
(70, 19, 0),
(70, 20, 0),
(70, 21, 0),
(70, 22, 0),
(70, 23, 0),
(71, 32, 0),
(71, 33, 0),
(71, 34, 0),
(71, 35, 0),
(71, 73, 0),
(71, 36, 0),
(71, 37, 0),
(71, 38, 0),
(71, 39, 0),
(71, 40, 0),
(71, 41, 0),
(71, 46, 0),
(71, 43, 0),
(71, 45, 0),
(71, 47, 0),
(71, 48, 0),
(71, 49, 0),
(71, 50, 0),
(71, 51, 0),
(71, 52, 0),
(71, 53, 0),
(71, 54, 0),
(71, 55, 0),
(71, 56, 0),
(71, 57, 1),
(71, 58, 0),
(71, 59, 0),
(71, 60, 0),
(71, 61, 0),
(71, 62, 1),
(71, 63, 0),
(71, 64, 0),
(71, 65, 0),
(71, 66, 0),
(71, 67, 0),
(71, 68, 0),
(71, 69, 0),
(71, 70, 0),
(71, 74, 0),
(71, 24, 1),
(71, 25, 0),
(71, 26, 0),
(71, 1, 1),
(71, 2, 0),
(71, 3, 0),
(71, 4, 0),
(71, 5, 0),
(71, 6, 0),
(71, 7, 0),
(71, 8, 0),
(71, 9, 0),
(71, 10, 0),
(71, 11, 0),
(71, 12, 0),
(71, 14, 0),
(71, 15, 0),
(71, 16, 0),
(71, 18, 1),
(71, 19, 0),
(71, 20, 0),
(71, 21, 0),
(71, 22, 0),
(71, 23, 0),
(72, 32, 0),
(72, 33, 0),
(72, 34, 0),
(72, 35, 0),
(72, 73, 0),
(72, 36, 1),
(72, 37, 0),
(72, 38, 0),
(72, 39, 0),
(72, 40, 0),
(72, 41, 0),
(72, 46, 0),
(72, 43, 0),
(72, 45, 0),
(72, 47, 0),
(72, 48, 0),
(72, 49, 0),
(72, 50, 0),
(72, 51, 0),
(72, 52, 0),
(72, 53, 0),
(72, 54, 0),
(72, 55, 0),
(72, 56, 0),
(72, 57, 0),
(72, 58, 0),
(72, 59, 1),
(72, 60, 0),
(72, 61, 0),
(72, 62, 1),
(72, 63, 0),
(72, 64, 0),
(72, 65, 0),
(72, 66, 0),
(72, 67, 0),
(72, 68, 0),
(72, 69, 0),
(72, 70, 0),
(72, 74, 0),
(72, 24, 1),
(72, 25, 0),
(72, 26, 0),
(72, 1, 1),
(72, 2, 0),
(72, 3, 0),
(72, 4, 0),
(72, 5, 0),
(72, 6, 1),
(72, 7, 0),
(72, 8, 0),
(72, 9, 0),
(72, 10, 0),
(72, 11, 0),
(72, 12, 0),
(72, 14, 0),
(72, 15, 0),
(72, 16, 0),
(72, 18, 0),
(72, 19, 0),
(72, 20, 0),
(72, 21, 0),
(72, 22, 1),
(72, 23, 0),
(73, 32, 0),
(73, 33, 0),
(73, 34, 0),
(73, 35, 0),
(73, 73, 0),
(73, 36, 1),
(73, 37, 0),
(73, 38, 0),
(73, 39, 0),
(73, 40, 0),
(73, 41, 0),
(73, 46, 0),
(73, 43, 0),
(73, 45, 0),
(73, 47, 0),
(73, 48, 0),
(73, 49, 0),
(73, 50, 0),
(73, 51, 0),
(73, 52, 0),
(73, 53, 0),
(73, 54, 0),
(73, 55, 0),
(73, 56, 0),
(73, 57, 0),
(73, 58, 0),
(73, 59, 1),
(73, 60, 0),
(73, 61, 0),
(73, 62, 1),
(73, 63, 0),
(73, 64, 0),
(73, 65, 0),
(73, 66, 0),
(73, 67, 0),
(73, 68, 0),
(73, 69, 0),
(73, 70, 0),
(73, 74, 0),
(73, 24, 1),
(73, 25, 0),
(73, 26, 0),
(73, 1, 1),
(73, 2, 0),
(73, 3, 0),
(73, 4, 0),
(73, 5, 0),
(73, 6, 1),
(73, 7, 0),
(73, 8, 0),
(73, 9, 0),
(73, 10, 0),
(73, 11, 0),
(73, 12, 0),
(73, 14, 0),
(73, 15, 0),
(73, 16, 0),
(73, 18, 0),
(73, 19, 0),
(73, 20, 0),
(73, 21, 0),
(73, 22, 1),
(73, 23, 0),
(74, 32, 0),
(74, 33, 0),
(74, 34, 0),
(74, 35, 0),
(74, 73, 0),
(74, 36, 0),
(74, 37, 0),
(74, 38, 0),
(74, 39, 0),
(74, 40, 0),
(74, 41, 0),
(74, 46, 0),
(74, 43, 0),
(74, 45, 0),
(74, 47, 0),
(74, 48, 0),
(74, 49, 0),
(74, 50, 0),
(74, 51, 0),
(74, 52, 0),
(74, 53, 0),
(74, 54, 0),
(74, 55, 0),
(74, 56, 0),
(74, 57, 0),
(74, 58, 0),
(74, 59, 0),
(74, 60, 0),
(74, 61, 0),
(74, 62, 0),
(74, 63, 0),
(74, 64, 1),
(74, 65, 0),
(74, 66, 1),
(74, 67, 0),
(74, 68, 0),
(74, 69, 0),
(74, 70, 0),
(74, 74, 0),
(74, 24, 1),
(74, 25, 0),
(74, 26, 0),
(74, 1, 1),
(74, 2, 0),
(74, 3, 0),
(74, 4, 0),
(74, 5, 0),
(74, 6, 0),
(74, 7, 0),
(74, 8, 1),
(74, 9, 0),
(74, 10, 0);
INSERT INTO `response` (`idPokemon`, `idQuestion`, `response`) VALUES
(74, 11, 0),
(74, 12, 0),
(74, 14, 0),
(74, 15, 1),
(74, 16, 0),
(74, 18, 0),
(74, 19, 0),
(74, 20, 0),
(74, 21, 0),
(74, 22, 0),
(74, 23, 0),
(75, 32, 0),
(75, 33, 0),
(75, 34, 0),
(75, 35, 0),
(75, 73, 0),
(75, 36, 0),
(75, 37, 0),
(75, 38, 0),
(75, 39, 0),
(75, 40, 0),
(75, 41, 0),
(75, 46, 0),
(75, 43, 0),
(75, 45, 0),
(75, 47, 0),
(75, 48, 0),
(75, 49, 0),
(75, 50, 0),
(75, 51, 0),
(75, 52, 0),
(75, 53, 0),
(75, 54, 0),
(75, 55, 0),
(75, 56, 0),
(75, 57, 0),
(75, 58, 0),
(75, 59, 0),
(75, 60, 0),
(75, 61, 0),
(75, 62, 0),
(75, 63, 0),
(75, 64, 1),
(75, 65, 0),
(75, 66, 1),
(75, 67, 0),
(75, 68, 0),
(75, 69, 0),
(75, 70, 0),
(75, 74, 0),
(75, 24, 1),
(75, 25, 0),
(75, 26, 0),
(75, 1, 0),
(75, 2, 1),
(75, 3, 0),
(75, 4, 0),
(75, 5, 0),
(75, 6, 0),
(75, 7, 0),
(75, 8, 1),
(75, 9, 0),
(75, 10, 0),
(75, 11, 0),
(75, 12, 0),
(75, 14, 0),
(75, 15, 1),
(75, 16, 0),
(75, 18, 0),
(75, 19, 0),
(75, 20, 0),
(75, 21, 0),
(75, 22, 0),
(75, 23, 0),
(76, 32, 0),
(76, 33, 0),
(76, 34, 0),
(76, 35, 0),
(76, 73, 0),
(76, 36, 0),
(76, 37, 0),
(76, 38, 0),
(76, 39, 0),
(76, 40, 0),
(76, 41, 0),
(76, 46, 0),
(76, 43, 0),
(76, 45, 0),
(76, 47, 0),
(76, 48, 0),
(76, 49, 0),
(76, 50, 0),
(76, 51, 0),
(76, 52, 0),
(76, 53, 0),
(76, 54, 0),
(76, 55, 0),
(76, 56, 0),
(76, 57, 0),
(76, 58, 0),
(76, 59, 0),
(76, 60, 0),
(76, 61, 0),
(76, 62, 0),
(76, 63, 0),
(76, 64, 1),
(76, 65, 0),
(76, 66, 1),
(76, 67, 0),
(76, 68, 0),
(76, 69, 0),
(76, 70, 0),
(76, 74, 0),
(76, 24, 1),
(76, 25, 0),
(76, 26, 0),
(76, 1, 0),
(76, 2, 0),
(76, 3, 1),
(76, 4, 0),
(76, 5, 0),
(76, 6, 0),
(76, 7, 0),
(76, 8, 1),
(76, 9, 0),
(76, 10, 0),
(76, 11, 0),
(76, 12, 0),
(76, 14, 0),
(76, 15, 1),
(76, 16, 0),
(76, 18, 0),
(76, 19, 0),
(76, 20, 0),
(76, 21, 0),
(76, 22, 0),
(76, 23, 0),
(77, 32, 0),
(77, 33, 0),
(77, 34, 0),
(77, 35, 0),
(77, 73, 0),
(77, 36, 0),
(77, 37, 0),
(77, 38, 0),
(77, 39, 0),
(77, 40, 0),
(77, 41, 0),
(77, 46, 0),
(77, 43, 0),
(77, 45, 0),
(77, 47, 0),
(77, 48, 0),
(77, 49, 0),
(77, 50, 0),
(77, 51, 0),
(77, 52, 0),
(77, 53, 0),
(77, 54, 0),
(77, 55, 0),
(77, 56, 0),
(77, 57, 0),
(77, 58, 1),
(77, 59, 0),
(77, 60, 0),
(77, 61, 0),
(77, 62, 0),
(77, 63, 0),
(77, 64, 0),
(77, 65, 0),
(77, 66, 0),
(77, 67, 0),
(77, 68, 0),
(77, 69, 0),
(77, 70, 0),
(77, 74, 0),
(77, 24, 1),
(77, 25, 0),
(77, 26, 0),
(77, 1, 1),
(77, 2, 0),
(77, 3, 0),
(77, 4, 0),
(77, 5, 0),
(77, 6, 0),
(77, 7, 0),
(77, 8, 0),
(77, 9, 1),
(77, 10, 0),
(77, 11, 0),
(77, 12, 0),
(77, 14, 1),
(77, 15, 0),
(77, 16, 0),
(77, 18, 0),
(77, 19, 0),
(77, 20, 0),
(77, 21, 0),
(77, 22, 0),
(77, 23, 0),
(78, 32, 0),
(78, 33, 0),
(78, 34, 0),
(78, 35, 0),
(78, 73, 0),
(78, 36, 0),
(78, 37, 0),
(78, 38, 0),
(78, 39, 0),
(78, 40, 0),
(78, 41, 0),
(78, 46, 0),
(78, 43, 0),
(78, 45, 0),
(78, 47, 0),
(78, 48, 0),
(78, 49, 0),
(78, 50, 0),
(78, 51, 0),
(78, 52, 0),
(78, 53, 0),
(78, 54, 0),
(78, 55, 0),
(78, 56, 0),
(78, 57, 0),
(78, 58, 1),
(78, 59, 0),
(78, 60, 0),
(78, 61, 0),
(78, 62, 0),
(78, 63, 0),
(78, 64, 0),
(78, 65, 0),
(78, 66, 0),
(78, 67, 0),
(78, 68, 0),
(78, 69, 0),
(78, 70, 0),
(78, 74, 0),
(78, 24, 1),
(78, 25, 0),
(78, 26, 0),
(78, 1, 1),
(78, 2, 0),
(78, 3, 0),
(78, 4, 0),
(78, 5, 0),
(78, 6, 0),
(78, 7, 0),
(78, 8, 0),
(78, 9, 1),
(78, 10, 0),
(78, 11, 0),
(78, 12, 0),
(78, 14, 1),
(78, 15, 0),
(78, 16, 0),
(78, 18, 0),
(78, 19, 0),
(78, 20, 0),
(78, 21, 0),
(78, 22, 0),
(78, 23, 0),
(79, 32, 0),
(79, 33, 0),
(79, 34, 0),
(79, 35, 0),
(79, 73, 0),
(79, 36, 0),
(79, 37, 0),
(79, 38, 0),
(79, 39, 0),
(79, 40, 0),
(79, 41, 0),
(79, 46, 0),
(79, 43, 0),
(79, 45, 0),
(79, 47, 0),
(79, 48, 0),
(79, 49, 0),
(79, 50, 0),
(79, 51, 1),
(79, 52, 0),
(79, 53, 0),
(79, 54, 0),
(79, 55, 0),
(79, 56, 0),
(79, 57, 0),
(79, 58, 0),
(79, 59, 1),
(79, 60, 0),
(79, 61, 0),
(79, 62, 0),
(79, 63, 0),
(79, 64, 0),
(79, 65, 0),
(79, 66, 0),
(79, 67, 0),
(79, 68, 1),
(79, 69, 0),
(79, 70, 0),
(79, 74, 0),
(79, 24, 0),
(79, 25, 1),
(79, 26, 0),
(79, 1, 1),
(79, 2, 0),
(79, 3, 0),
(79, 4, 0),
(79, 5, 0),
(79, 6, 0),
(79, 7, 0),
(79, 8, 0),
(79, 9, 0),
(79, 10, 0),
(79, 11, 1),
(79, 12, 0),
(79, 14, 0),
(79, 15, 0),
(79, 16, 1),
(79, 18, 0),
(79, 19, 0),
(79, 20, 0),
(79, 21, 0),
(79, 22, 0),
(79, 23, 0),
(80, 32, 0),
(80, 33, 0),
(80, 34, 0),
(80, 35, 0),
(80, 73, 0),
(80, 36, 0),
(80, 37, 0),
(80, 38, 0),
(80, 39, 0),
(80, 40, 0),
(80, 41, 0),
(80, 46, 0),
(80, 43, 0),
(80, 45, 0),
(80, 47, 0),
(80, 48, 0),
(80, 49, 0),
(80, 50, 0),
(80, 51, 1),
(80, 52, 0),
(80, 53, 0),
(80, 54, 0),
(80, 55, 0),
(80, 56, 0),
(80, 57, 0),
(80, 58, 0),
(80, 59, 1),
(80, 60, 0),
(80, 61, 0),
(80, 62, 0),
(80, 63, 0),
(80, 64, 0),
(80, 65, 0),
(80, 66, 0),
(80, 67, 0),
(80, 68, 1),
(80, 69, 0),
(80, 70, 0),
(80, 74, 0),
(80, 24, 0),
(80, 25, 1),
(80, 26, 0),
(80, 1, 1),
(80, 2, 0),
(80, 3, 0),
(80, 4, 0),
(80, 5, 0),
(80, 6, 0),
(80, 7, 0),
(80, 8, 0),
(80, 9, 0),
(80, 10, 0),
(80, 11, 1),
(80, 12, 0),
(80, 14, 0),
(80, 15, 0),
(80, 16, 1),
(80, 18, 0),
(80, 19, 0),
(80, 20, 0),
(80, 21, 0),
(80, 22, 0),
(80, 23, 0),
(81, 32, 0),
(81, 33, 0),
(81, 34, 0),
(81, 35, 0),
(81, 73, 0),
(81, 36, 0),
(81, 37, 0),
(81, 38, 0),
(81, 39, 0),
(81, 40, 0),
(81, 41, 0),
(81, 46, 0),
(81, 43, 0),
(81, 45, 0),
(81, 47, 0),
(81, 48, 0),
(81, 49, 0),
(81, 50, 0),
(81, 51, 0),
(81, 52, 0),
(81, 53, 0),
(81, 54, 0),
(81, 55, 0),
(81, 56, 0),
(81, 57, 0),
(81, 58, 0),
(81, 59, 0),
(81, 60, 0),
(81, 61, 0),
(81, 62, 0),
(81, 63, 1),
(81, 64, 0),
(81, 65, 0),
(81, 66, 0),
(81, 67, 0),
(81, 68, 0),
(81, 69, 0),
(81, 70, 0),
(81, 74, 0),
(81, 24, 0),
(81, 25, 1),
(81, 26, 0),
(81, 1, 1),
(81, 2, 0),
(81, 3, 0),
(81, 4, 0),
(81, 5, 0),
(81, 6, 0),
(81, 7, 0),
(81, 8, 0),
(81, 9, 0),
(81, 10, 0),
(81, 11, 0),
(81, 12, 1),
(81, 14, 0),
(81, 15, 0),
(81, 16, 0),
(81, 18, 0),
(81, 19, 1),
(81, 20, 0),
(81, 21, 0),
(81, 22, 0),
(81, 23, 0),
(82, 32, 0),
(82, 33, 0),
(82, 34, 0),
(82, 35, 0),
(82, 73, 0),
(82, 36, 0),
(82, 37, 0),
(82, 38, 0),
(82, 39, 0),
(82, 40, 0),
(82, 41, 0),
(82, 46, 0),
(82, 43, 0),
(82, 45, 0),
(82, 47, 0),
(82, 48, 0),
(82, 49, 0),
(82, 50, 0),
(82, 51, 0),
(82, 52, 0),
(82, 53, 0),
(82, 54, 0),
(82, 55, 0),
(82, 56, 0),
(82, 57, 0),
(82, 58, 0),
(82, 59, 0),
(82, 60, 0),
(82, 61, 0),
(82, 62, 0),
(82, 63, 1),
(82, 64, 0),
(82, 65, 0),
(82, 66, 0),
(82, 67, 0),
(82, 68, 0),
(82, 69, 0),
(82, 70, 0),
(82, 74, 0),
(82, 24, 0),
(82, 25, 1),
(82, 26, 0),
(82, 1, 1),
(82, 2, 0),
(82, 3, 0),
(82, 4, 0),
(82, 5, 0),
(82, 6, 0),
(82, 7, 0),
(82, 8, 0),
(82, 9, 0),
(82, 10, 0),
(82, 11, 0),
(82, 12, 1),
(82, 14, 0),
(82, 15, 0),
(82, 16, 0),
(82, 18, 0),
(82, 19, 1),
(82, 20, 0),
(82, 21, 0),
(82, 22, 0),
(82, 23, 0),
(83, 32, 0),
(83, 33, 0),
(83, 34, 0),
(83, 35, 0),
(83, 73, 0),
(83, 36, 0),
(83, 37, 1),
(83, 38, 0),
(83, 39, 0),
(83, 40, 0),
(83, 41, 0),
(83, 46, 0),
(83, 43, 0),
(83, 45, 0),
(83, 47, 0),
(83, 48, 1),
(83, 49, 0),
(83, 50, 1),
(83, 51, 0),
(83, 52, 0),
(83, 53, 0),
(83, 54, 0),
(83, 55, 0),
(83, 56, 0),
(83, 57, 0),
(83, 58, 0),
(83, 59, 0),
(83, 60, 0),
(83, 61, 0),
(83, 62, 0),
(83, 63, 0),
(83, 64, 0),
(83, 65, 0),
(83, 66, 0),
(83, 67, 0),
(83, 68, 0),
(83, 69, 0),
(83, 70, 0),
(83, 74, 1),
(83, 24, 0),
(83, 25, 1),
(83, 26, 0),
(83, 1, 1),
(83, 2, 0),
(83, 3, 0),
(83, 4, 0),
(83, 5, 0),
(83, 6, 0),
(83, 7, 0),
(83, 8, 1),
(83, 9, 0),
(83, 10, 0),
(83, 11, 0),
(83, 12, 0),
(83, 14, 1),
(83, 15, 0),
(83, 16, 0),
(83, 18, 0),
(83, 19, 0),
(83, 20, 0),
(83, 21, 0),
(83, 22, 0),
(83, 23, 0),
(84, 32, 0),
(84, 33, 0),
(84, 34, 0),
(84, 35, 0),
(84, 73, 0),
(84, 36, 0),
(84, 37, 0),
(84, 38, 0),
(84, 39, 0),
(84, 40, 0),
(84, 41, 0),
(84, 46, 0),
(84, 43, 0),
(84, 45, 0),
(84, 47, 0),
(84, 48, 0),
(84, 49, 0),
(84, 50, 1),
(84, 51, 0),
(84, 52, 0),
(84, 53, 0),
(84, 54, 0),
(84, 55, 0),
(84, 56, 0),
(84, 57, 0),
(84, 58, 0),
(84, 59, 0),
(84, 60, 0),
(84, 61, 0),
(84, 62, 0),
(84, 63, 0),
(84, 64, 0),
(84, 65, 0),
(84, 66, 0),
(84, 67, 0),
(84, 68, 0),
(84, 69, 0),
(84, 70, 0),
(84, 74, 1),
(84, 24, 0),
(84, 25, 1),
(84, 26, 0),
(84, 1, 1),
(84, 2, 0),
(84, 3, 0),
(84, 4, 0),
(84, 5, 0),
(84, 6, 0),
(84, 7, 0),
(84, 8, 1),
(84, 9, 0),
(84, 10, 0),
(84, 11, 0),
(84, 12, 0),
(84, 14, 1),
(84, 15, 0),
(84, 16, 0),
(84, 18, 0),
(84, 19, 0),
(84, 20, 0),
(84, 21, 0),
(84, 22, 0),
(84, 23, 0),
(85, 32, 0),
(85, 33, 0),
(85, 34, 0),
(85, 35, 0),
(85, 73, 0),
(85, 36, 0),
(85, 37, 0),
(85, 38, 0),
(85, 39, 0),
(85, 40, 0),
(85, 41, 0),
(85, 46, 0),
(85, 43, 0),
(85, 45, 0),
(85, 47, 0),
(85, 48, 0),
(85, 49, 0),
(85, 50, 1),
(85, 51, 0),
(85, 52, 0),
(85, 53, 0),
(85, 54, 0),
(85, 55, 0),
(85, 56, 0),
(85, 57, 0),
(85, 58, 0),
(85, 59, 0),
(85, 60, 0),
(85, 61, 0),
(85, 62, 0),
(85, 63, 0),
(85, 64, 0),
(85, 65, 0),
(85, 66, 0),
(85, 67, 0),
(85, 68, 0),
(85, 69, 0),
(85, 70, 0),
(85, 74, 1),
(85, 24, 0),
(85, 25, 1),
(85, 26, 0),
(85, 1, 1),
(85, 2, 0),
(85, 3, 0),
(85, 4, 0),
(85, 5, 0),
(85, 6, 0),
(85, 7, 0),
(85, 8, 1),
(85, 9, 0),
(85, 10, 0),
(85, 11, 0),
(85, 12, 0),
(85, 14, 1),
(85, 15, 0),
(85, 16, 0),
(85, 18, 0),
(85, 19, 0),
(85, 20, 0),
(85, 21, 0),
(85, 22, 0),
(85, 23, 0),
(86, 32, 0),
(86, 33, 0),
(86, 34, 0),
(86, 35, 0),
(86, 73, 0),
(86, 36, 0),
(86, 37, 0),
(86, 38, 0),
(86, 39, 0),
(86, 40, 0),
(86, 41, 0),
(86, 46, 0),
(86, 43, 0),
(86, 45, 0),
(86, 47, 0),
(86, 48, 0),
(86, 49, 0),
(86, 50, 0),
(86, 51, 0),
(86, 52, 0),
(86, 53, 0),
(86, 54, 0),
(86, 55, 0),
(86, 56, 0),
(86, 57, 0),
(86, 58, 0),
(86, 59, 1),
(86, 60, 0),
(86, 61, 0),
(86, 62, 0),
(86, 63, 0),
(86, 64, 0),
(86, 65, 0),
(86, 66, 0),
(86, 67, 0),
(86, 68, 0),
(86, 69, 0),
(86, 70, 0),
(86, 74, 0),
(86, 24, 0),
(86, 25, 1),
(86, 26, 0),
(86, 1, 1),
(86, 2, 0),
(86, 3, 0),
(86, 4, 0),
(86, 5, 0),
(86, 6, 0),
(86, 7, 1),
(86, 8, 0),
(86, 9, 0),
(86, 10, 0),
(86, 11, 0),
(86, 12, 0),
(86, 14, 0),
(86, 15, 0),
(86, 16, 0),
(86, 18, 0),
(86, 19, 0),
(86, 20, 0),
(86, 21, 0),
(86, 22, 1),
(86, 23, 0),
(87, 32, 0),
(87, 33, 0),
(87, 34, 0),
(87, 35, 0),
(87, 73, 0),
(87, 36, 0),
(87, 37, 0),
(87, 38, 0),
(87, 39, 0),
(87, 40, 0),
(87, 41, 0),
(87, 46, 0),
(87, 43, 0),
(87, 45, 0),
(87, 47, 0),
(87, 48, 0),
(87, 49, 0),
(87, 50, 0),
(87, 51, 0),
(87, 52, 0),
(87, 53, 0),
(87, 54, 0),
(87, 55, 0),
(87, 56, 0),
(87, 57, 0),
(87, 58, 0),
(87, 59, 1),
(87, 60, 0),
(87, 61, 0),
(87, 62, 0),
(87, 63, 0),
(87, 64, 0),
(87, 65, 0),
(87, 66, 0),
(87, 67, 0),
(87, 68, 0),
(87, 69, 1),
(87, 70, 0),
(87, 74, 0),
(87, 24, 0),
(87, 25, 1),
(87, 26, 0),
(87, 1, 0),
(87, 2, 1),
(87, 3, 0),
(87, 4, 0),
(87, 5, 0),
(87, 6, 0),
(87, 7, 1),
(87, 8, 0),
(87, 9, 0),
(87, 10, 0),
(87, 11, 0),
(87, 12, 0),
(87, 14, 0),
(87, 15, 0),
(87, 16, 0),
(87, 18, 0),
(87, 19, 0),
(87, 20, 0),
(87, 21, 0),
(87, 22, 1),
(87, 23, 0),
(88, 32, 0),
(88, 33, 0),
(88, 34, 0),
(88, 35, 0),
(88, 73, 0),
(88, 36, 0),
(88, 37, 0),
(88, 38, 0),
(88, 39, 0),
(88, 40, 0),
(88, 41, 0),
(88, 46, 0),
(88, 43, 0),
(88, 45, 0),
(88, 47, 0),
(88, 48, 0),
(88, 49, 0),
(88, 50, 0),
(88, 51, 0),
(88, 52, 0),
(88, 53, 0),
(88, 54, 0),
(88, 55, 0),
(88, 56, 0),
(88, 57, 0),
(88, 58, 0),
(88, 59, 0),
(88, 60, 0),
(88, 61, 0),
(88, 62, 1),
(88, 63, 0),
(88, 64, 0),
(88, 65, 0),
(88, 66, 0),
(88, 67, 0),
(88, 68, 0),
(88, 69, 0),
(88, 70, 0),
(88, 74, 0),
(88, 24, 0),
(88, 25, 1),
(88, 26, 0),
(88, 1, 1),
(88, 2, 0),
(88, 3, 0),
(88, 4, 0),
(88, 5, 0),
(88, 6, 0),
(88, 7, 0),
(88, 8, 0),
(88, 9, 0),
(88, 10, 1),
(88, 11, 0),
(88, 12, 0),
(88, 14, 0),
(88, 15, 0),
(88, 16, 0),
(88, 18, 0),
(88, 19, 0),
(88, 20, 0),
(88, 21, 1),
(88, 22, 0),
(88, 23, 0),
(89, 32, 0),
(89, 33, 0),
(89, 34, 0),
(89, 35, 0),
(89, 73, 0),
(89, 36, 0),
(89, 37, 0),
(89, 38, 0),
(89, 39, 0),
(89, 40, 0),
(89, 41, 0),
(89, 46, 0),
(89, 43, 0),
(89, 45, 0),
(89, 47, 0),
(89, 48, 0),
(89, 49, 0),
(89, 50, 0),
(89, 51, 0),
(89, 52, 0),
(89, 53, 0),
(89, 54, 0),
(89, 55, 0),
(89, 56, 0),
(89, 57, 0),
(89, 58, 0),
(89, 59, 0),
(89, 60, 0),
(89, 61, 0),
(89, 62, 1),
(89, 63, 0),
(89, 64, 0),
(89, 65, 0),
(89, 66, 0),
(89, 67, 0),
(89, 68, 0),
(89, 69, 0),
(89, 70, 0),
(89, 74, 0),
(89, 24, 0),
(89, 25, 1),
(89, 26, 0),
(89, 1, 1),
(89, 2, 0),
(89, 3, 0),
(89, 4, 0),
(89, 5, 0),
(89, 6, 0),
(89, 7, 0),
(89, 8, 0),
(89, 9, 0),
(89, 10, 1),
(89, 11, 0),
(89, 12, 0),
(89, 14, 0),
(89, 15, 0),
(89, 16, 0),
(89, 18, 0),
(89, 19, 0),
(89, 20, 0),
(89, 21, 1),
(89, 22, 0),
(89, 23, 0),
(90, 32, 0),
(90, 33, 0),
(90, 34, 0),
(90, 35, 0),
(90, 73, 0),
(90, 36, 0),
(90, 37, 0),
(90, 38, 0),
(90, 39, 0),
(90, 40, 0),
(90, 41, 0),
(90, 46, 0),
(90, 43, 0),
(90, 45, 0),
(90, 47, 0),
(90, 48, 0),
(90, 49, 0),
(90, 50, 0),
(90, 51, 0),
(90, 52, 0),
(90, 53, 0),
(90, 54, 0),
(90, 55, 0),
(90, 56, 0),
(90, 57, 0),
(90, 58, 0),
(90, 59, 1),
(90, 60, 0),
(90, 61, 0),
(90, 62, 0),
(90, 63, 0),
(90, 64, 0),
(90, 65, 0),
(90, 66, 0),
(90, 67, 0),
(90, 68, 0),
(90, 69, 0),
(90, 70, 0),
(90, 74, 0),
(90, 24, 0),
(90, 25, 1),
(90, 26, 0),
(90, 1, 1),
(90, 2, 0),
(90, 3, 0),
(90, 4, 0),
(90, 5, 0),
(90, 6, 0),
(90, 7, 0),
(90, 8, 0),
(90, 9, 0),
(90, 10, 1),
(90, 11, 0),
(90, 12, 0),
(90, 14, 0),
(90, 15, 0),
(90, 16, 0),
(90, 18, 0),
(90, 19, 0),
(90, 20, 0),
(90, 21, 0),
(90, 22, 1),
(90, 23, 0),
(91, 32, 0),
(91, 33, 0),
(91, 34, 0),
(91, 35, 0),
(91, 73, 0),
(91, 36, 0),
(91, 37, 0),
(91, 38, 0),
(91, 39, 0),
(91, 40, 0),
(91, 41, 0),
(91, 46, 0),
(91, 43, 0),
(91, 45, 0),
(91, 47, 0),
(91, 48, 0),
(91, 49, 0),
(91, 50, 0),
(91, 51, 0),
(91, 52, 0),
(91, 53, 1),
(91, 54, 0),
(91, 55, 0),
(91, 56, 0),
(91, 57, 0),
(91, 58, 0),
(91, 59, 1),
(91, 60, 0),
(91, 61, 0),
(91, 62, 0),
(91, 63, 0),
(91, 64, 0),
(91, 65, 0),
(91, 66, 0),
(91, 67, 0),
(91, 68, 0),
(91, 69, 1),
(91, 70, 0),
(91, 74, 0),
(91, 24, 0),
(91, 25, 1),
(91, 26, 0),
(91, 1, 0),
(91, 2, 1),
(91, 3, 0),
(91, 4, 0),
(91, 5, 0),
(91, 6, 0),
(91, 7, 0),
(91, 8, 0),
(91, 9, 0),
(91, 10, 1),
(91, 11, 0),
(91, 12, 0),
(91, 14, 0),
(91, 15, 0),
(91, 16, 0),
(91, 18, 0),
(91, 19, 0),
(91, 20, 0),
(91, 21, 0),
(91, 22, 1),
(91, 23, 0),
(92, 32, 0),
(92, 33, 0),
(92, 34, 0),
(92, 35, 0),
(92, 73, 0),
(92, 36, 0),
(92, 37, 0),
(92, 38, 0),
(92, 39, 0),
(92, 40, 0),
(92, 41, 0),
(92, 46, 0),
(92, 43, 0),
(92, 45, 0),
(92, 47, 0),
(92, 48, 0),
(92, 49, 0),
(92, 50, 1),
(92, 51, 0),
(92, 52, 0),
(92, 53, 0),
(92, 54, 0),
(92, 55, 0),
(92, 56, 0),
(92, 57, 0),
(92, 58, 0),
(92, 59, 0),
(92, 60, 0),
(92, 61, 0),
(92, 62, 1),
(92, 63, 0),
(92, 64, 0),
(92, 65, 0),
(92, 66, 0),
(92, 67, 1),
(92, 68, 0),
(92, 69, 0),
(92, 70, 0),
(92, 74, 0),
(92, 24, 0),
(92, 25, 1),
(92, 26, 0),
(92, 1, 1),
(92, 2, 0),
(92, 3, 0),
(92, 4, 0),
(92, 5, 0),
(92, 6, 0),
(92, 7, 0),
(92, 8, 0),
(92, 9, 0),
(92, 10, 1),
(92, 11, 0),
(92, 12, 0),
(92, 14, 0),
(92, 15, 0),
(92, 16, 0),
(92, 18, 0),
(92, 19, 0),
(92, 20, 1),
(92, 21, 0),
(92, 22, 0),
(92, 23, 0),
(93, 32, 0),
(93, 33, 0),
(93, 34, 0),
(93, 35, 0),
(93, 73, 0),
(93, 36, 0),
(93, 37, 0),
(93, 38, 0),
(93, 39, 0),
(93, 40, 0),
(93, 41, 0),
(93, 46, 0),
(93, 43, 0),
(93, 45, 0),
(93, 47, 0),
(93, 48, 0),
(93, 49, 0),
(93, 50, 1),
(93, 51, 0),
(93, 52, 0),
(93, 53, 0),
(93, 54, 0),
(93, 55, 0),
(93, 56, 0),
(93, 57, 0),
(93, 58, 0),
(93, 59, 0),
(93, 60, 0),
(93, 61, 0),
(93, 62, 1),
(93, 63, 0),
(93, 64, 0),
(93, 65, 0),
(93, 66, 0),
(93, 67, 1),
(93, 68, 0),
(93, 69, 0),
(93, 70, 0),
(93, 74, 0),
(93, 24, 0),
(93, 25, 1),
(93, 26, 0),
(93, 1, 1),
(93, 2, 0),
(93, 3, 0),
(93, 4, 0),
(93, 5, 0),
(93, 6, 0),
(93, 7, 0),
(93, 8, 0),
(93, 9, 0),
(93, 10, 1),
(93, 11, 0),
(93, 12, 0),
(93, 14, 0),
(93, 15, 0),
(93, 16, 0),
(93, 18, 0),
(93, 19, 0),
(93, 20, 1),
(93, 21, 0),
(93, 22, 0),
(93, 23, 0),
(94, 32, 0),
(94, 33, 0),
(94, 34, 0),
(94, 35, 0),
(94, 73, 0),
(94, 36, 0),
(94, 37, 0),
(94, 38, 0),
(94, 39, 0),
(94, 40, 0),
(94, 41, 0),
(94, 46, 0),
(94, 43, 0),
(94, 45, 0),
(94, 47, 0),
(94, 48, 0),
(94, 49, 0),
(94, 50, 1),
(94, 51, 0),
(94, 52, 0),
(94, 53, 0),
(94, 54, 0),
(94, 55, 0),
(94, 56, 0),
(94, 57, 0),
(94, 58, 0),
(94, 59, 0),
(94, 60, 0),
(94, 61, 0),
(94, 62, 1),
(94, 63, 0),
(94, 64, 0),
(94, 65, 0),
(94, 66, 0),
(94, 67, 1),
(94, 68, 0),
(94, 69, 0),
(94, 70, 0),
(94, 74, 0),
(94, 24, 0),
(94, 25, 1),
(94, 26, 0),
(94, 1, 1),
(94, 2, 0),
(94, 3, 0),
(94, 4, 0),
(94, 5, 0),
(94, 6, 0),
(94, 7, 0),
(94, 8, 0),
(94, 9, 0),
(94, 10, 1),
(94, 11, 0),
(94, 12, 0),
(94, 14, 0),
(94, 15, 0),
(94, 16, 0),
(94, 18, 0),
(94, 19, 0),
(94, 20, 1),
(94, 21, 0),
(94, 22, 0),
(94, 23, 0),
(95, 32, 0),
(95, 33, 0),
(95, 34, 0),
(95, 35, 0),
(95, 73, 0),
(95, 36, 0),
(95, 37, 0),
(95, 38, 0),
(95, 39, 0),
(95, 40, 0),
(95, 41, 0),
(95, 46, 0),
(95, 43, 0),
(95, 45, 0),
(95, 47, 0),
(95, 48, 0),
(95, 49, 0),
(95, 50, 0),
(95, 51, 0),
(95, 52, 0),
(95, 53, 0),
(95, 54, 0),
(95, 55, 0),
(95, 56, 0),
(95, 57, 0),
(95, 58, 0),
(95, 59, 0),
(95, 60, 0),
(95, 61, 0),
(95, 62, 0),
(95, 63, 0),
(95, 64, 1),
(95, 65, 1),
(95, 66, 0),
(95, 67, 0),
(95, 68, 0),
(95, 69, 0),
(95, 70, 0),
(95, 74, 0),
(95, 24, 0),
(95, 25, 1),
(95, 26, 0),
(95, 1, 0),
(95, 2, 0),
(95, 3, 1),
(95, 4, 0),
(95, 5, 0),
(95, 6, 0),
(95, 7, 0),
(95, 8, 0),
(95, 9, 0),
(95, 10, 0),
(95, 11, 0),
(95, 12, 1),
(95, 14, 0),
(95, 15, 0),
(95, 16, 0),
(95, 18, 0),
(95, 19, 0),
(95, 20, 1),
(95, 21, 0),
(95, 22, 0),
(95, 23, 0),
(96, 32, 0),
(96, 33, 0),
(96, 34, 0),
(96, 35, 0),
(96, 73, 0),
(96, 36, 0),
(96, 37, 0),
(96, 38, 0),
(96, 39, 0),
(96, 40, 0),
(96, 41, 0),
(96, 46, 1),
(96, 43, 0),
(96, 45, 0),
(96, 47, 0),
(96, 48, 0),
(96, 49, 1),
(96, 50, 0),
(96, 51, 0),
(96, 52, 0),
(96, 53, 0),
(96, 54, 0),
(96, 55, 0),
(96, 56, 0),
(96, 57, 0),
(96, 58, 0),
(96, 59, 0),
(96, 60, 0),
(96, 61, 0),
(96, 62, 0),
(96, 63, 0),
(96, 64, 0),
(96, 65, 0),
(96, 66, 0),
(96, 67, 0),
(96, 68, 1),
(96, 69, 0),
(96, 70, 0),
(96, 74, 0),
(96, 24, 0),
(96, 25, 1),
(96, 26, 0),
(96, 1, 1),
(96, 2, 0),
(96, 3, 0),
(96, 4, 0),
(96, 5, 0),
(96, 6, 0),
(96, 7, 0),
(96, 8, 0),
(96, 9, 1),
(96, 10, 0),
(96, 11, 0),
(96, 12, 0),
(96, 14, 1),
(96, 15, 0),
(96, 16, 0),
(96, 18, 0),
(96, 19, 0),
(96, 20, 0),
(96, 21, 0),
(96, 22, 0),
(96, 23, 0),
(97, 32, 0),
(97, 33, 0),
(97, 34, 0),
(97, 35, 0),
(97, 73, 0),
(97, 36, 0),
(97, 37, 0),
(97, 38, 0),
(97, 39, 0),
(97, 40, 0),
(97, 41, 0),
(97, 46, 1),
(97, 43, 0),
(97, 45, 0),
(97, 47, 0),
(97, 48, 0),
(97, 49, 1),
(97, 50, 0),
(97, 51, 0),
(97, 52, 0),
(97, 53, 0),
(97, 54, 0),
(97, 55, 0),
(97, 56, 0),
(97, 57, 0),
(97, 58, 0),
(97, 59, 0),
(97, 60, 0),
(97, 61, 0),
(97, 62, 0),
(97, 63, 0),
(97, 64, 0),
(97, 65, 0),
(97, 66, 0),
(97, 67, 0),
(97, 68, 1),
(97, 69, 0),
(97, 70, 0),
(97, 74, 0),
(97, 24, 0),
(97, 25, 1),
(97, 26, 0),
(97, 1, 1),
(97, 2, 0),
(97, 3, 0),
(97, 4, 0),
(97, 5, 0),
(97, 6, 0),
(97, 7, 0),
(97, 8, 0),
(97, 9, 1),
(97, 10, 0),
(97, 11, 0),
(97, 12, 0),
(97, 14, 1),
(97, 15, 0),
(97, 16, 0),
(97, 18, 0),
(97, 19, 0),
(97, 20, 0),
(97, 21, 0),
(97, 22, 0),
(97, 23, 0),
(98, 32, 0),
(98, 33, 0),
(98, 34, 0),
(98, 35, 0),
(98, 73, 0),
(98, 36, 0),
(98, 37, 0),
(98, 38, 0),
(98, 39, 0),
(98, 40, 0),
(98, 41, 0),
(98, 46, 0),
(98, 43, 0),
(98, 45, 1),
(98, 47, 0),
(98, 48, 0),
(98, 49, 0),
(98, 50, 0),
(98, 51, 0),
(98, 52, 0),
(98, 53, 1),
(98, 54, 0),
(98, 55, 0),
(98, 56, 0),
(98, 57, 0),
(98, 58, 0),
(98, 59, 1),
(98, 60, 0),
(98, 61, 0),
(98, 62, 0),
(98, 63, 0),
(98, 64, 0),
(98, 65, 0),
(98, 66, 0),
(98, 67, 0),
(98, 68, 0),
(98, 69, 0),
(98, 70, 0),
(98, 74, 0),
(98, 24, 0),
(98, 25, 1),
(98, 26, 0),
(98, 1, 1),
(98, 2, 0),
(98, 3, 0),
(98, 4, 0),
(98, 5, 1),
(98, 6, 0),
(98, 7, 0),
(98, 8, 0),
(98, 9, 0),
(98, 10, 0),
(98, 11, 0),
(98, 12, 0),
(98, 14, 0),
(98, 15, 0),
(98, 16, 1),
(98, 18, 0),
(98, 19, 0),
(98, 20, 0),
(98, 21, 0),
(98, 22, 0),
(98, 23, 0),
(99, 32, 0),
(99, 33, 0),
(99, 34, 0),
(99, 35, 0),
(99, 73, 0),
(99, 36, 0),
(99, 37, 0),
(99, 38, 0),
(99, 39, 0),
(99, 40, 0),
(99, 41, 0),
(99, 46, 0),
(99, 43, 0),
(99, 45, 1),
(99, 47, 0),
(99, 48, 0),
(99, 49, 0),
(99, 50, 0),
(99, 51, 0),
(99, 52, 0),
(99, 53, 1),
(99, 54, 0),
(99, 55, 0),
(99, 56, 0),
(99, 57, 0),
(99, 58, 0),
(99, 59, 1),
(99, 60, 0),
(99, 61, 0),
(99, 62, 0),
(99, 63, 0),
(99, 64, 0),
(99, 65, 0),
(99, 66, 0),
(99, 67, 0),
(99, 68, 0),
(99, 69, 0),
(99, 70, 0),
(99, 74, 0),
(99, 24, 0),
(99, 25, 1),
(99, 26, 0),
(99, 1, 1),
(99, 2, 0),
(99, 3, 0),
(99, 4, 0),
(99, 5, 1),
(99, 6, 0),
(99, 7, 0),
(99, 8, 0),
(99, 9, 0),
(99, 10, 0),
(99, 11, 0),
(99, 12, 0),
(99, 14, 0),
(99, 15, 0),
(99, 16, 1),
(99, 18, 0),
(99, 19, 0),
(99, 20, 0),
(99, 21, 0),
(99, 22, 0),
(99, 23, 0),
(100, 32, 0),
(100, 33, 0),
(100, 34, 0),
(100, 35, 0),
(100, 73, 0),
(100, 36, 0),
(100, 37, 0),
(100, 38, 0),
(100, 39, 0),
(100, 40, 0),
(100, 41, 0),
(100, 46, 0),
(100, 43, 0),
(100, 45, 0),
(100, 47, 0),
(100, 48, 0),
(100, 49, 0),
(100, 50, 0),
(100, 51, 0),
(100, 52, 0),
(100, 53, 0),
(100, 54, 0),
(100, 55, 0),
(100, 56, 0),
(100, 57, 0),
(100, 58, 0),
(100, 59, 0),
(100, 60, 0),
(100, 61, 0),
(100, 62, 0),
(100, 63, 1),
(100, 64, 0),
(100, 65, 0),
(100, 66, 0),
(100, 67, 0),
(100, 68, 0),
(100, 69, 0),
(100, 70, 0),
(100, 74, 0),
(100, 24, 0),
(100, 25, 1),
(100, 26, 0),
(100, 1, 1),
(100, 2, 0),
(100, 3, 0),
(100, 4, 0),
(100, 5, 1),
(100, 6, 0),
(100, 7, 0),
(100, 8, 0),
(100, 9, 0),
(100, 10, 0),
(100, 11, 0),
(100, 12, 0),
(100, 14, 0),
(100, 15, 0),
(100, 16, 0),
(100, 18, 0),
(100, 19, 0),
(100, 20, 0),
(100, 21, 1),
(100, 22, 0),
(100, 23, 0),
(101, 32, 0),
(101, 33, 0),
(101, 34, 0),
(101, 35, 0),
(101, 73, 0),
(101, 36, 0),
(101, 37, 0),
(101, 38, 0),
(101, 39, 0),
(101, 40, 0),
(101, 41, 0),
(101, 46, 0),
(101, 43, 0),
(101, 45, 0),
(101, 47, 0),
(101, 48, 0),
(101, 49, 0),
(101, 50, 0),
(101, 51, 0),
(101, 52, 0),
(101, 53, 0),
(101, 54, 0),
(101, 55, 0),
(101, 56, 0),
(101, 57, 0),
(101, 58, 0),
(101, 59, 0),
(101, 60, 0),
(101, 61, 0),
(101, 62, 0),
(101, 63, 1),
(101, 64, 0),
(101, 65, 0),
(101, 66, 0),
(101, 67, 0),
(101, 68, 0),
(101, 69, 0),
(101, 70, 0),
(101, 74, 0),
(101, 24, 0),
(101, 25, 1),
(101, 26, 0),
(101, 1, 1),
(101, 2, 0),
(101, 3, 0),
(101, 4, 0),
(101, 5, 1),
(101, 6, 0),
(101, 7, 0),
(101, 8, 0),
(101, 9, 0),
(101, 10, 0),
(101, 11, 0),
(101, 12, 0),
(101, 14, 0),
(101, 15, 0),
(101, 16, 0),
(101, 18, 0),
(101, 19, 0),
(101, 20, 0),
(101, 21, 1),
(101, 22, 0),
(101, 23, 0),
(102, 32, 0),
(102, 33, 0),
(102, 34, 0),
(102, 35, 0),
(102, 73, 1),
(102, 36, 0),
(102, 37, 0),
(102, 38, 0),
(102, 39, 0),
(102, 40, 0),
(102, 41, 0),
(102, 46, 0),
(102, 43, 0),
(102, 45, 0),
(102, 47, 0),
(102, 48, 0),
(102, 49, 0),
(102, 50, 0),
(102, 51, 0),
(102, 52, 0),
(102, 53, 0),
(102, 54, 0),
(102, 55, 0),
(102, 56, 0),
(102, 57, 1),
(102, 58, 0),
(102, 59, 0),
(102, 60, 0),
(102, 61, 0),
(102, 62, 0),
(102, 63, 0),
(102, 64, 0),
(102, 65, 0),
(102, 66, 0),
(102, 67, 0),
(102, 68, 1),
(102, 69, 0),
(102, 70, 0),
(102, 74, 0),
(102, 24, 0),
(102, 25, 1),
(102, 26, 0),
(102, 1, 1),
(102, 2, 0),
(102, 3, 0),
(102, 4, 0),
(102, 5, 0),
(102, 6, 0),
(102, 7, 0),
(102, 8, 0),
(102, 9, 0),
(102, 10, 0),
(102, 11, 1),
(102, 12, 0),
(102, 14, 0),
(102, 15, 0),
(102, 16, 0),
(102, 18, 1),
(102, 19, 0),
(102, 20, 0),
(102, 21, 0),
(102, 22, 0),
(102, 23, 0),
(103, 32, 0),
(103, 33, 0),
(103, 34, 0),
(103, 35, 0),
(103, 73, 1),
(103, 36, 0),
(103, 37, 0),
(103, 38, 0),
(103, 39, 0),
(103, 40, 0),
(103, 41, 0),
(103, 46, 0),
(103, 43, 0),
(103, 45, 0),
(103, 47, 0),
(103, 48, 0),
(103, 49, 0),
(103, 50, 0),
(103, 51, 0),
(103, 52, 0),
(103, 53, 0),
(103, 54, 0),
(103, 55, 0),
(103, 56, 0),
(103, 57, 1),
(103, 58, 0),
(103, 59, 0),
(103, 60, 0),
(103, 61, 0),
(103, 62, 0),
(103, 63, 0),
(103, 64, 0),
(103, 65, 0),
(103, 66, 0),
(103, 67, 0),
(103, 68, 1),
(103, 69, 0),
(103, 70, 0),
(103, 74, 0),
(103, 24, 0),
(103, 25, 1),
(103, 26, 0),
(103, 1, 0),
(103, 2, 1),
(103, 3, 0),
(103, 4, 0),
(103, 5, 0),
(103, 6, 0),
(103, 7, 0),
(103, 8, 0),
(103, 9, 1),
(103, 10, 0),
(103, 11, 0),
(103, 12, 0),
(103, 14, 0),
(103, 15, 0),
(103, 16, 0),
(103, 18, 1),
(103, 19, 0),
(103, 20, 0),
(103, 21, 0),
(103, 22, 0),
(103, 23, 0),
(104, 32, 0),
(104, 33, 0),
(104, 34, 0),
(104, 35, 0),
(104, 73, 0),
(104, 36, 0),
(104, 37, 0),
(104, 38, 0),
(104, 39, 0),
(104, 40, 0),
(104, 41, 0),
(104, 46, 0),
(104, 43, 0),
(104, 45, 0),
(104, 47, 0),
(104, 48, 0),
(104, 49, 0),
(104, 50, 0),
(104, 51, 0),
(104, 52, 0),
(104, 53, 0),
(104, 54, 0),
(104, 55, 0),
(104, 56, 0),
(104, 57, 0),
(104, 58, 0),
(104, 59, 0),
(104, 60, 0),
(104, 61, 0),
(104, 62, 0),
(104, 63, 0),
(104, 64, 1),
(104, 65, 0),
(104, 66, 0),
(104, 67, 0),
(104, 68, 0),
(104, 69, 0),
(104, 70, 0),
(104, 74, 0),
(104, 24, 0),
(104, 25, 1),
(104, 26, 0),
(104, 1, 1),
(104, 2, 0),
(104, 3, 0),
(104, 4, 0),
(104, 5, 0),
(104, 6, 0),
(104, 7, 0),
(104, 8, 1),
(104, 9, 0),
(104, 10, 0),
(104, 11, 0),
(104, 12, 0),
(104, 14, 0),
(104, 15, 1),
(104, 16, 0),
(104, 18, 0),
(104, 19, 0),
(104, 20, 0),
(104, 21, 0),
(104, 22, 0),
(104, 23, 0),
(105, 32, 0),
(105, 33, 0),
(105, 34, 0),
(105, 35, 0),
(105, 73, 0),
(105, 36, 0),
(105, 37, 0),
(105, 38, 0),
(105, 39, 0),
(105, 40, 0),
(105, 41, 0),
(105, 46, 0),
(105, 43, 0),
(105, 45, 0),
(105, 47, 0),
(105, 48, 0),
(105, 49, 0),
(105, 50, 0),
(105, 51, 0),
(105, 52, 0),
(105, 53, 0),
(105, 54, 0),
(105, 55, 0),
(105, 56, 0),
(105, 57, 0),
(105, 58, 0),
(105, 59, 0),
(105, 60, 0),
(105, 61, 0),
(105, 62, 0),
(105, 63, 0),
(105, 64, 1),
(105, 65, 0),
(105, 66, 0),
(105, 67, 0),
(105, 68, 0),
(105, 69, 0),
(105, 70, 0),
(105, 74, 0),
(105, 24, 0),
(105, 25, 1),
(105, 26, 0),
(105, 1, 1),
(105, 2, 0),
(105, 3, 0),
(105, 4, 0),
(105, 5, 0),
(105, 6, 0),
(105, 7, 0),
(105, 8, 1),
(105, 9, 0),
(105, 10, 0),
(105, 11, 0),
(105, 12, 0),
(105, 14, 0),
(105, 15, 1),
(105, 16, 0),
(105, 18, 0),
(105, 19, 0),
(105, 20, 0),
(105, 21, 0),
(105, 22, 0),
(105, 23, 0),
(106, 32, 0),
(106, 33, 0),
(106, 34, 0),
(106, 35, 0),
(106, 73, 0),
(106, 36, 0),
(106, 37, 0),
(106, 38, 0),
(106, 39, 0),
(106, 40, 0),
(106, 41, 0),
(106, 46, 0),
(106, 43, 0),
(106, 45, 0),
(106, 47, 0),
(106, 48, 0),
(106, 49, 0),
(106, 50, 0),
(106, 51, 0),
(106, 52, 0),
(106, 53, 0),
(106, 54, 0),
(106, 55, 0),
(106, 56, 0),
(106, 57, 0),
(106, 58, 0),
(106, 59, 0),
(106, 60, 0),
(106, 61, 0),
(106, 62, 0),
(106, 63, 0),
(106, 64, 0),
(106, 65, 1),
(106, 66, 0),
(106, 67, 0),
(106, 68, 0),
(106, 69, 0),
(106, 70, 0),
(106, 74, 0),
(106, 24, 0),
(106, 25, 1),
(106, 26, 0),
(106, 1, 1),
(106, 2, 0),
(106, 3, 0),
(106, 4, 0),
(106, 5, 0),
(106, 6, 0),
(106, 7, 0),
(106, 8, 1),
(106, 9, 0),
(106, 10, 0),
(106, 11, 0),
(106, 12, 0),
(106, 14, 0),
(106, 15, 0),
(106, 16, 0),
(106, 18, 0),
(106, 19, 0),
(106, 20, 0),
(106, 21, 1),
(106, 22, 0),
(106, 23, 0),
(107, 32, 0),
(107, 33, 0),
(107, 34, 0),
(107, 35, 0),
(107, 73, 0),
(107, 36, 0),
(107, 37, 0),
(107, 38, 0),
(107, 39, 0),
(107, 40, 0),
(107, 41, 0),
(107, 46, 0),
(107, 43, 0),
(107, 45, 0),
(107, 47, 0),
(107, 48, 0),
(107, 49, 0),
(107, 50, 0),
(107, 51, 0),
(107, 52, 0),
(107, 53, 0),
(107, 54, 0),
(107, 55, 1),
(107, 56, 0),
(107, 57, 0),
(107, 58, 0),
(107, 59, 0),
(107, 60, 0),
(107, 61, 0),
(107, 62, 0),
(107, 63, 0),
(107, 64, 0),
(107, 65, 1),
(107, 66, 0),
(107, 67, 0),
(107, 68, 0),
(107, 69, 0),
(107, 70, 0),
(107, 74, 0),
(107, 24, 0),
(107, 25, 1),
(107, 26, 0),
(107, 1, 1),
(107, 2, 0),
(107, 3, 0),
(107, 4, 0),
(107, 5, 0),
(107, 6, 0),
(107, 7, 0),
(107, 8, 1),
(107, 9, 0),
(107, 10, 0),
(107, 11, 0),
(107, 12, 0),
(107, 14, 0),
(107, 15, 0),
(107, 16, 0),
(107, 18, 0),
(107, 19, 0),
(107, 20, 0),
(107, 21, 1),
(107, 22, 0),
(107, 23, 0),
(108, 32, 0),
(108, 33, 0),
(108, 34, 0),
(108, 35, 0),
(108, 73, 0),
(108, 36, 0),
(108, 37, 0),
(108, 38, 0),
(108, 39, 0),
(108, 40, 0),
(108, 41, 0),
(108, 46, 0),
(108, 43, 0),
(108, 45, 0),
(108, 47, 0),
(108, 48, 0),
(108, 49, 0),
(108, 50, 0),
(108, 51, 1),
(108, 52, 0),
(108, 53, 0),
(108, 54, 0),
(108, 55, 0),
(108, 56, 0),
(108, 57, 0),
(108, 58, 0),
(108, 59, 0),
(108, 60, 0),
(108, 61, 1),
(108, 62, 0),
(108, 63, 0),
(108, 64, 0),
(108, 65, 0),
(108, 66, 0),
(108, 67, 0),
(108, 68, 0),
(108, 69, 0),
(108, 70, 0),
(108, 74, 0),
(108, 24, 0),
(108, 25, 1),
(108, 26, 0),
(108, 1, 1),
(108, 2, 0),
(108, 3, 0),
(108, 4, 0),
(108, 5, 0),
(108, 6, 0),
(108, 7, 0),
(108, 8, 0),
(108, 9, 0),
(108, 10, 0),
(108, 11, 1),
(108, 12, 0),
(108, 14, 1),
(108, 15, 0),
(108, 16, 0),
(108, 18, 0),
(108, 19, 0),
(108, 20, 0),
(108, 21, 0),
(108, 22, 0),
(108, 23, 0),
(109, 32, 0),
(109, 33, 0),
(109, 34, 0),
(109, 35, 0),
(109, 73, 0),
(109, 36, 0),
(109, 37, 0),
(109, 38, 0),
(109, 39, 0),
(109, 40, 0),
(109, 41, 0),
(109, 46, 0),
(109, 43, 0),
(109, 45, 0),
(109, 47, 0),
(109, 48, 0),
(109, 49, 0),
(109, 50, 1),
(109, 51, 0),
(109, 52, 0),
(109, 53, 0),
(109, 54, 0),
(109, 55, 0),
(109, 56, 0),
(109, 57, 0),
(109, 58, 0),
(109, 59, 0),
(109, 60, 0),
(109, 61, 0),
(109, 62, 1),
(109, 63, 0),
(109, 64, 0),
(109, 65, 0),
(109, 66, 0),
(109, 67, 0),
(109, 68, 0),
(109, 69, 0),
(109, 70, 0),
(109, 74, 0),
(109, 24, 0),
(109, 25, 1),
(109, 26, 0),
(109, 1, 1),
(109, 2, 0),
(109, 3, 0),
(109, 4, 0),
(109, 5, 0),
(109, 6, 0),
(109, 7, 0),
(109, 8, 0),
(109, 9, 0),
(109, 10, 1),
(109, 11, 0),
(109, 12, 0),
(109, 14, 0),
(109, 15, 0),
(109, 16, 0),
(109, 18, 0),
(109, 19, 0),
(109, 20, 0),
(109, 21, 1),
(109, 22, 0),
(109, 23, 0),
(110, 32, 0),
(110, 33, 0),
(110, 34, 0),
(110, 35, 0),
(110, 73, 0),
(110, 36, 0),
(110, 37, 0),
(110, 38, 0),
(110, 39, 0),
(110, 40, 0),
(110, 41, 0),
(110, 46, 0),
(110, 43, 0),
(110, 45, 0),
(110, 47, 0),
(110, 48, 0),
(110, 49, 0),
(110, 50, 1),
(110, 51, 0),
(110, 52, 0),
(110, 53, 0),
(110, 54, 0),
(110, 55, 0),
(110, 56, 0),
(110, 57, 0),
(110, 58, 0),
(110, 59, 0),
(110, 60, 0),
(110, 61, 0),
(110, 62, 1),
(110, 63, 0),
(110, 64, 0),
(110, 65, 0),
(110, 66, 0),
(110, 67, 0),
(110, 68, 0),
(110, 69, 0),
(110, 70, 0),
(110, 74, 0),
(110, 24, 0),
(110, 25, 1),
(110, 26, 0),
(110, 1, 1),
(110, 2, 0),
(110, 3, 0),
(110, 4, 0),
(110, 5, 0),
(110, 6, 0),
(110, 7, 0),
(110, 8, 0),
(110, 9, 0),
(110, 10, 1),
(110, 11, 0),
(110, 12, 0),
(110, 14, 0),
(110, 15, 0),
(110, 16, 0),
(110, 18, 0),
(110, 19, 0),
(110, 20, 0),
(110, 21, 1),
(110, 22, 0),
(110, 23, 0),
(111, 32, 0),
(111, 33, 0),
(111, 34, 0),
(111, 35, 0),
(111, 73, 0),
(111, 36, 0),
(111, 37, 0),
(111, 38, 0),
(111, 39, 0),
(111, 40, 0),
(111, 41, 0),
(111, 46, 0),
(111, 43, 0),
(111, 45, 0),
(111, 47, 0),
(111, 48, 0),
(111, 49, 0),
(111, 50, 0),
(111, 51, 0),
(111, 52, 0),
(111, 53, 0),
(111, 54, 0),
(111, 55, 0),
(111, 56, 0),
(111, 57, 0),
(111, 58, 0),
(111, 59, 0),
(111, 60, 0),
(111, 61, 0),
(111, 62, 0),
(111, 63, 0),
(111, 64, 1),
(111, 65, 0),
(111, 66, 1),
(111, 67, 0),
(111, 68, 0),
(111, 69, 0),
(111, 70, 0),
(111, 74, 0),
(111, 24, 0),
(111, 25, 1),
(111, 26, 0),
(111, 1, 0),
(111, 2, 1),
(111, 3, 0),
(111, 4, 0),
(111, 5, 0),
(111, 6, 0),
(111, 7, 0),
(111, 8, 0),
(111, 9, 0),
(111, 10, 0),
(111, 11, 0),
(111, 12, 1),
(111, 14, 0),
(111, 15, 0),
(111, 16, 0),
(111, 18, 0),
(111, 19, 1),
(111, 20, 0),
(111, 21, 0),
(111, 22, 0),
(111, 23, 0),
(112, 32, 0),
(112, 33, 0),
(112, 34, 0),
(112, 35, 0),
(112, 73, 0),
(112, 36, 0),
(112, 37, 0),
(112, 38, 0),
(112, 39, 0),
(112, 40, 0),
(112, 41, 0),
(112, 46, 0),
(112, 43, 0),
(112, 45, 0),
(112, 47, 0),
(112, 48, 0),
(112, 49, 0),
(112, 50, 0),
(112, 51, 0),
(112, 52, 0),
(112, 53, 0),
(112, 54, 0),
(112, 55, 0),
(112, 56, 0),
(112, 57, 0),
(112, 58, 0),
(112, 59, 0),
(112, 60, 0),
(112, 61, 0),
(112, 62, 0),
(112, 63, 0),
(112, 64, 1),
(112, 65, 0),
(112, 66, 1),
(112, 67, 0),
(112, 68, 0),
(112, 69, 0),
(112, 70, 0),
(112, 74, 0),
(112, 24, 0),
(112, 25, 1),
(112, 26, 0),
(112, 1, 0),
(112, 2, 1),
(112, 3, 0),
(112, 4, 0),
(112, 5, 0),
(112, 6, 0),
(112, 7, 0),
(112, 8, 0),
(112, 9, 0),
(112, 10, 0),
(112, 11, 0),
(112, 12, 1),
(112, 14, 0),
(112, 15, 0),
(112, 16, 0),
(112, 18, 0),
(112, 19, 1),
(112, 20, 0),
(112, 21, 0),
(112, 22, 0),
(112, 23, 0),
(113, 32, 0),
(113, 33, 0),
(113, 34, 0),
(113, 35, 0),
(113, 73, 0),
(113, 36, 0),
(113, 37, 0),
(113, 38, 0),
(113, 39, 0),
(113, 40, 0),
(113, 41, 0),
(113, 46, 0),
(113, 43, 0),
(113, 45, 0),
(113, 47, 0),
(113, 48, 0),
(113, 49, 0),
(113, 50, 0),
(113, 51, 0),
(113, 52, 0),
(113, 53, 0),
(113, 54, 0),
(113, 55, 0),
(113, 56, 0),
(113, 57, 0),
(113, 58, 0),
(113, 59, 0),
(113, 60, 0),
(113, 61, 1),
(113, 62, 0),
(113, 63, 0),
(113, 64, 0),
(113, 65, 0),
(113, 66, 0),
(113, 67, 0),
(113, 68, 0),
(113, 69, 0),
(113, 70, 0),
(113, 74, 0),
(113, 24, 0),
(113, 25, 1),
(113, 26, 0),
(113, 1, 1),
(113, 2, 0),
(113, 3, 0),
(113, 4, 0),
(113, 5, 0),
(113, 6, 0),
(113, 7, 0),
(113, 8, 0),
(113, 9, 0),
(113, 10, 0),
(113, 11, 0),
(113, 12, 0),
(113, 14, 0),
(113, 15, 0),
(113, 16, 0),
(113, 18, 0),
(113, 19, 0),
(113, 20, 0),
(113, 21, 1),
(113, 22, 0),
(113, 23, 0),
(114, 32, 0),
(114, 33, 0),
(114, 34, 0),
(114, 35, 0),
(114, 73, 1),
(114, 36, 0),
(114, 37, 0),
(114, 38, 0),
(114, 39, 0),
(114, 40, 0),
(114, 41, 0),
(114, 46, 0),
(114, 43, 0),
(114, 45, 0),
(114, 47, 0),
(114, 48, 0),
(114, 49, 0),
(114, 50, 0),
(114, 51, 0),
(114, 52, 0),
(114, 53, 0),
(114, 54, 0),
(114, 55, 0),
(114, 56, 0),
(114, 57, 1),
(114, 58, 0),
(114, 59, 0),
(114, 60, 0),
(114, 61, 0),
(114, 62, 0),
(114, 63, 0),
(114, 64, 0),
(114, 65, 0),
(114, 66, 0),
(114, 67, 0),
(114, 68, 0),
(114, 69, 0),
(114, 70, 0),
(114, 74, 0),
(114, 24, 0),
(114, 25, 1),
(114, 26, 0),
(114, 1, 1),
(114, 2, 0),
(114, 3, 0),
(114, 4, 0),
(114, 5, 0),
(114, 6, 1),
(114, 7, 0),
(114, 8, 0),
(114, 9, 0),
(114, 10, 0),
(114, 11, 0),
(114, 12, 0),
(114, 14, 1),
(114, 15, 0),
(114, 16, 0),
(114, 18, 0),
(114, 19, 0),
(114, 20, 0),
(114, 21, 0),
(114, 22, 0),
(114, 23, 0),
(115, 32, 0),
(115, 33, 0),
(115, 34, 0),
(115, 35, 0),
(115, 73, 0),
(115, 36, 0),
(115, 37, 0),
(115, 38, 0),
(115, 39, 0),
(115, 40, 0),
(115, 41, 0),
(115, 46, 0),
(115, 43, 0),
(115, 45, 0),
(115, 47, 0),
(115, 48, 0),
(115, 49, 0),
(115, 50, 0),
(115, 51, 0),
(115, 52, 0),
(115, 53, 0),
(115, 54, 0),
(115, 55, 0),
(115, 56, 0),
(115, 57, 0),
(115, 58, 0),
(115, 59, 0),
(115, 60, 0),
(115, 61, 1),
(115, 62, 0),
(115, 63, 0),
(115, 64, 0),
(115, 65, 0),
(115, 66, 0),
(115, 67, 0),
(115, 68, 0),
(115, 69, 0),
(115, 70, 0),
(115, 74, 0),
(115, 24, 0),
(115, 25, 1),
(115, 26, 0),
(115, 1, 1),
(115, 2, 0),
(115, 3, 0),
(115, 4, 0),
(115, 5, 0),
(115, 6, 0),
(115, 7, 0),
(115, 8, 1),
(115, 9, 0),
(115, 10, 0),
(115, 11, 0),
(115, 12, 0),
(115, 14, 1),
(115, 15, 0),
(115, 16, 0),
(115, 18, 0),
(115, 19, 0),
(115, 20, 0),
(115, 21, 0),
(115, 22, 0),
(115, 23, 0),
(116, 32, 0),
(116, 33, 0),
(116, 34, 0),
(116, 35, 0),
(116, 73, 0),
(116, 36, 0),
(116, 37, 0),
(116, 38, 0),
(116, 39, 0),
(116, 40, 0),
(116, 41, 0),
(116, 46, 0),
(116, 43, 0),
(116, 45, 0),
(116, 47, 0),
(116, 48, 0),
(116, 49, 0),
(116, 50, 0),
(116, 51, 0),
(116, 52, 0),
(116, 53, 0),
(116, 54, 0),
(116, 55, 0),
(116, 56, 0),
(116, 57, 0),
(116, 58, 0),
(116, 59, 1),
(116, 60, 0),
(116, 61, 0),
(116, 62, 0),
(116, 63, 0),
(116, 64, 0),
(116, 65, 0),
(116, 66, 0),
(116, 67, 0),
(116, 68, 0),
(116, 69, 0),
(116, 70, 0),
(116, 74, 0),
(116, 24, 0),
(116, 25, 1),
(116, 26, 0),
(116, 1, 1),
(116, 2, 0),
(116, 3, 0),
(116, 4, 0),
(116, 5, 0),
(116, 6, 1),
(116, 7, 0),
(116, 8, 0),
(116, 9, 0),
(116, 10, 0),
(116, 11, 0),
(116, 12, 0),
(116, 14, 0),
(116, 15, 0),
(116, 16, 0),
(116, 18, 0),
(116, 19, 0),
(116, 20, 0),
(116, 21, 0),
(116, 22, 1),
(116, 23, 0),
(117, 32, 0),
(117, 33, 0),
(117, 34, 0),
(117, 35, 0),
(117, 73, 0),
(117, 36, 0),
(117, 37, 0),
(117, 38, 0),
(117, 39, 0),
(117, 40, 0),
(117, 41, 0),
(117, 46, 0),
(117, 43, 0),
(117, 45, 0),
(117, 47, 0),
(117, 48, 0),
(117, 49, 0),
(117, 50, 0),
(117, 51, 0),
(117, 52, 0),
(117, 53, 0),
(117, 54, 0),
(117, 55, 0),
(117, 56, 0),
(117, 57, 0),
(117, 58, 0),
(117, 59, 1),
(117, 60, 0),
(117, 61, 0),
(117, 62, 0),
(117, 63, 0),
(117, 64, 0),
(117, 65, 0),
(117, 66, 0),
(117, 67, 0),
(117, 68, 0),
(117, 69, 0),
(117, 70, 0),
(117, 74, 0),
(117, 24, 0),
(117, 25, 1),
(117, 26, 0),
(117, 1, 1),
(117, 2, 0),
(117, 3, 0),
(117, 4, 0),
(117, 5, 0),
(117, 6, 1),
(117, 7, 0),
(117, 8, 0),
(117, 9, 0),
(117, 10, 0),
(117, 11, 0),
(117, 12, 0),
(117, 14, 0),
(117, 15, 0),
(117, 16, 0),
(117, 18, 0),
(117, 19, 0),
(117, 20, 0),
(117, 21, 0),
(117, 22, 1),
(117, 23, 0),
(118, 32, 0),
(118, 33, 0),
(118, 34, 0),
(118, 35, 0),
(118, 73, 0),
(118, 36, 0),
(118, 37, 0),
(118, 38, 0),
(118, 39, 0),
(118, 40, 0),
(118, 41, 0),
(118, 46, 0),
(118, 43, 0),
(118, 45, 0),
(118, 47, 0),
(118, 48, 0),
(118, 49, 0),
(118, 50, 0),
(118, 51, 0),
(118, 52, 0),
(118, 53, 0),
(118, 54, 0),
(118, 55, 0),
(118, 56, 0),
(118, 57, 0),
(118, 58, 0),
(118, 59, 1),
(118, 60, 0),
(118, 61, 0),
(118, 62, 0),
(118, 63, 0),
(118, 64, 0),
(118, 65, 0),
(118, 66, 0),
(118, 67, 0),
(118, 68, 0),
(118, 69, 0),
(118, 70, 0),
(118, 74, 0),
(118, 24, 0),
(118, 25, 1),
(118, 26, 0),
(118, 1, 1),
(118, 2, 0),
(118, 3, 0),
(118, 4, 0),
(118, 5, 1),
(118, 6, 0),
(118, 7, 0),
(118, 8, 0),
(118, 9, 0),
(118, 10, 0),
(118, 11, 0),
(118, 12, 0),
(118, 14, 0),
(118, 15, 0),
(118, 16, 1),
(118, 18, 0),
(118, 19, 0),
(118, 20, 0),
(118, 21, 0),
(118, 22, 0),
(118, 23, 0),
(119, 32, 0),
(119, 33, 0),
(119, 34, 0),
(119, 35, 0),
(119, 73, 0),
(119, 36, 0),
(119, 37, 0),
(119, 38, 0),
(119, 39, 0),
(119, 40, 0),
(119, 41, 0),
(119, 46, 0),
(119, 43, 0),
(119, 45, 0),
(119, 47, 0),
(119, 48, 0),
(119, 49, 0),
(119, 50, 0),
(119, 51, 0),
(119, 52, 0),
(119, 53, 0),
(119, 54, 0),
(119, 55, 0),
(119, 56, 0),
(119, 57, 0),
(119, 58, 0),
(119, 59, 1),
(119, 60, 0),
(119, 61, 0),
(119, 62, 0),
(119, 63, 0),
(119, 64, 0),
(119, 65, 0),
(119, 66, 0),
(119, 67, 0),
(119, 68, 0),
(119, 69, 0),
(119, 70, 0),
(119, 74, 0),
(119, 24, 0),
(119, 25, 1),
(119, 26, 0),
(119, 1, 1),
(119, 2, 0),
(119, 3, 0),
(119, 4, 0),
(119, 5, 1),
(119, 6, 0),
(119, 7, 0),
(119, 8, 0),
(119, 9, 0),
(119, 10, 0),
(119, 11, 0),
(119, 12, 0),
(119, 14, 0),
(119, 15, 0),
(119, 16, 1),
(119, 18, 0),
(119, 19, 0),
(119, 20, 0),
(119, 21, 0),
(119, 22, 0),
(119, 23, 0),
(120, 32, 0),
(120, 33, 0),
(120, 34, 0),
(120, 35, 0),
(120, 73, 0),
(120, 36, 0),
(120, 37, 0),
(120, 38, 0),
(120, 39, 0),
(120, 40, 0),
(120, 41, 0),
(120, 46, 0),
(120, 43, 0),
(120, 45, 0),
(120, 47, 1),
(120, 48, 0),
(120, 49, 0),
(120, 50, 0),
(120, 51, 0),
(120, 52, 0),
(120, 53, 0),
(120, 54, 0),
(120, 55, 0),
(120, 56, 0),
(120, 57, 0),
(120, 58, 0),
(120, 59, 1),
(120, 60, 0),
(120, 61, 0),
(120, 62, 0),
(120, 63, 0),
(120, 64, 0),
(120, 65, 0),
(120, 66, 0),
(120, 67, 0),
(120, 68, 0),
(120, 69, 0),
(120, 70, 0),
(120, 74, 0),
(120, 24, 0),
(120, 25, 1),
(120, 26, 0),
(120, 1, 1),
(120, 2, 0),
(120, 3, 0),
(120, 4, 0),
(120, 5, 0),
(120, 6, 0),
(120, 7, 0),
(120, 8, 1),
(120, 9, 0),
(120, 10, 0),
(120, 11, 0),
(120, 12, 0),
(120, 14, 0),
(120, 15, 0),
(120, 16, 0),
(120, 18, 0),
(120, 19, 0),
(120, 20, 0),
(120, 21, 0),
(120, 22, 1),
(120, 23, 0),
(121, 32, 0),
(121, 33, 0),
(121, 34, 0),
(121, 35, 0),
(121, 73, 0),
(121, 36, 0),
(121, 37, 0),
(121, 38, 0),
(121, 39, 0),
(121, 40, 0),
(121, 41, 0),
(121, 46, 0),
(121, 43, 0),
(121, 45, 0),
(121, 47, 1),
(121, 48, 0),
(121, 49, 0),
(121, 50, 0),
(121, 51, 0),
(121, 52, 0),
(121, 53, 0),
(121, 54, 0),
(121, 55, 0),
(121, 56, 0),
(121, 57, 0),
(121, 58, 0),
(121, 59, 1),
(121, 60, 0),
(121, 61, 0),
(121, 62, 0),
(121, 63, 0),
(121, 64, 0),
(121, 65, 0),
(121, 66, 0),
(121, 67, 0),
(121, 68, 1),
(121, 69, 0),
(121, 70, 0),
(121, 74, 0),
(121, 24, 0),
(121, 25, 1),
(121, 26, 0),
(121, 1, 1),
(121, 2, 0),
(121, 3, 0),
(121, 4, 0),
(121, 5, 0),
(121, 6, 0),
(121, 7, 0),
(121, 8, 0),
(121, 9, 0),
(121, 10, 1),
(121, 11, 0),
(121, 12, 0),
(121, 14, 0),
(121, 15, 0),
(121, 16, 0),
(121, 18, 0),
(121, 19, 0),
(121, 20, 0),
(121, 21, 0),
(121, 22, 1),
(121, 23, 0),
(122, 32, 0),
(122, 33, 0),
(122, 34, 0),
(122, 35, 0),
(122, 73, 0),
(122, 36, 0),
(122, 37, 0),
(122, 38, 0),
(122, 39, 0),
(122, 40, 0),
(122, 41, 0),
(122, 46, 0),
(122, 43, 0),
(122, 45, 0),
(122, 47, 0),
(122, 48, 0),
(122, 49, 0),
(122, 50, 0),
(122, 51, 0),
(122, 52, 0),
(122, 53, 0),
(122, 54, 0),
(122, 55, 0),
(122, 56, 0),
(122, 57, 0),
(122, 58, 0),
(122, 59, 0),
(122, 60, 0),
(122, 61, 0),
(122, 62, 0),
(122, 63, 0),
(122, 64, 0),
(122, 65, 0),
(122, 66, 0),
(122, 67, 0),
(122, 68, 0),
(122, 69, 0),
(122, 70, 0),
(122, 74, 0),
(122, 24, 0),
(122, 25, 1),
(122, 26, 0),
(122, 1, 1),
(122, 2, 0),
(122, 3, 0),
(122, 4, 0),
(122, 5, 0),
(122, 6, 0),
(122, 7, 0),
(122, 8, 0),
(122, 9, 0),
(122, 10, 0),
(122, 11, 1),
(122, 12, 0),
(122, 14, 0),
(122, 15, 0),
(122, 16, 0),
(122, 18, 0),
(122, 19, 0),
(122, 20, 0),
(122, 21, 1),
(122, 22, 0),
(122, 23, 0),
(123, 32, 0),
(123, 33, 0),
(123, 34, 0),
(123, 35, 0),
(123, 73, 0),
(123, 36, 0),
(123, 37, 0),
(123, 38, 0),
(123, 39, 0),
(123, 40, 0),
(123, 41, 0),
(123, 46, 0),
(123, 43, 0),
(123, 45, 1),
(123, 47, 0),
(123, 48, 0),
(123, 49, 0),
(123, 50, 0),
(123, 51, 0),
(123, 52, 0),
(123, 53, 0),
(123, 54, 0),
(123, 55, 0),
(123, 56, 0),
(123, 57, 0),
(123, 58, 0),
(123, 59, 0),
(123, 60, 1),
(123, 61, 0),
(123, 62, 0),
(123, 63, 0),
(123, 64, 0),
(123, 65, 0),
(123, 66, 0),
(123, 67, 0),
(123, 68, 0),
(123, 69, 0),
(123, 70, 0),
(123, 74, 1),
(123, 24, 0),
(123, 25, 1),
(123, 26, 0),
(123, 1, 1),
(123, 2, 0),
(123, 3, 0),
(123, 4, 1),
(123, 5, 0),
(123, 6, 0),
(123, 7, 0),
(123, 8, 0),
(123, 9, 0),
(123, 10, 0),
(123, 11, 0),
(123, 12, 0),
(123, 14, 1),
(123, 15, 0),
(123, 16, 0),
(123, 18, 0),
(123, 19, 0),
(123, 20, 0),
(123, 21, 0),
(123, 22, 0),
(123, 23, 0),
(124, 32, 0),
(124, 33, 0),
(124, 34, 0),
(124, 35, 0),
(124, 73, 0),
(124, 36, 0),
(124, 37, 0),
(124, 38, 0),
(124, 39, 0),
(124, 40, 0),
(124, 41, 0),
(124, 46, 0),
(124, 43, 0),
(124, 45, 0),
(124, 47, 0),
(124, 48, 0),
(124, 49, 0),
(124, 50, 0),
(124, 51, 0),
(124, 52, 0),
(124, 53, 0),
(124, 54, 0),
(124, 55, 0),
(124, 56, 0),
(124, 57, 0),
(124, 58, 0),
(124, 59, 0),
(124, 60, 0),
(124, 61, 0),
(124, 62, 0),
(124, 63, 0),
(124, 64, 0),
(124, 65, 0),
(124, 66, 0),
(124, 67, 0),
(124, 68, 1),
(124, 69, 1),
(124, 70, 0),
(124, 74, 0),
(124, 24, 0),
(124, 25, 1),
(124, 26, 0),
(124, 1, 1),
(124, 2, 0),
(124, 3, 0),
(124, 4, 0),
(124, 5, 1),
(124, 6, 0),
(124, 7, 0),
(124, 8, 0),
(124, 9, 0),
(124, 10, 0),
(124, 11, 0),
(124, 12, 0),
(124, 14, 0),
(124, 15, 0),
(124, 16, 0),
(124, 18, 0),
(124, 19, 0),
(124, 20, 0),
(124, 21, 1),
(124, 22, 0),
(124, 23, 0),
(125, 32, 0),
(125, 33, 0),
(125, 34, 0),
(125, 35, 0),
(125, 73, 0),
(125, 36, 0),
(125, 37, 0),
(125, 38, 0),
(125, 39, 0),
(125, 40, 0),
(125, 41, 0),
(125, 46, 0),
(125, 43, 0),
(125, 45, 0),
(125, 47, 0),
(125, 48, 0),
(125, 49, 0),
(125, 50, 0),
(125, 51, 0),
(125, 52, 0),
(125, 53, 0),
(125, 54, 0),
(125, 55, 0),
(125, 56, 0),
(125, 57, 0),
(125, 58, 0),
(125, 59, 0),
(125, 60, 0),
(125, 61, 0),
(125, 62, 0),
(125, 63, 1),
(125, 64, 0),
(125, 65, 0),
(125, 66, 0),
(125, 67, 0),
(125, 68, 0),
(125, 69, 0),
(125, 70, 0),
(125, 74, 0),
(125, 24, 0),
(125, 25, 1),
(125, 26, 0),
(125, 1, 1),
(125, 2, 0),
(125, 3, 0),
(125, 4, 0),
(125, 5, 0),
(125, 6, 0),
(125, 7, 0),
(125, 8, 0),
(125, 9, 1),
(125, 10, 0),
(125, 11, 0),
(125, 12, 0),
(125, 14, 1),
(125, 15, 0),
(125, 16, 0),
(125, 18, 0),
(125, 19, 0),
(125, 20, 0),
(125, 21, 0),
(125, 22, 0),
(125, 23, 0),
(126, 32, 0),
(126, 33, 0),
(126, 34, 0),
(126, 35, 0),
(126, 73, 0),
(126, 36, 0),
(126, 37, 0),
(126, 38, 0),
(126, 39, 0),
(126, 40, 0),
(126, 41, 0),
(126, 46, 0),
(126, 43, 0),
(126, 45, 0),
(126, 47, 0),
(126, 48, 0),
(126, 49, 0),
(126, 50, 0),
(126, 51, 0),
(126, 52, 0),
(126, 53, 0),
(126, 54, 0),
(126, 55, 0),
(126, 56, 0),
(126, 57, 0),
(126, 58, 1),
(126, 59, 0),
(126, 60, 0),
(126, 61, 0),
(126, 62, 0),
(126, 63, 0),
(126, 64, 0),
(126, 65, 0),
(126, 66, 0),
(126, 67, 0),
(126, 68, 0),
(126, 69, 0),
(126, 70, 0),
(126, 74, 0),
(126, 24, 0),
(126, 25, 1),
(126, 26, 0),
(126, 1, 1),
(126, 2, 0),
(126, 3, 0),
(126, 4, 0),
(126, 5, 0),
(126, 6, 0),
(126, 7, 0),
(126, 8, 0),
(126, 9, 0),
(126, 10, 0),
(126, 11, 0),
(126, 12, 0),
(126, 14, 0),
(126, 15, 1),
(126, 16, 0),
(126, 18, 0),
(126, 19, 0),
(126, 20, 0),
(126, 21, 0),
(126, 22, 0),
(126, 23, 0),
(127, 32, 0),
(127, 33, 0),
(127, 34, 0),
(127, 35, 0),
(127, 73, 0),
(127, 36, 0),
(127, 37, 0),
(127, 38, 0),
(127, 39, 0),
(127, 40, 0),
(127, 41, 0),
(127, 46, 0),
(127, 43, 0),
(127, 45, 1),
(127, 47, 0),
(127, 48, 0),
(127, 49, 0),
(127, 50, 0),
(127, 51, 0),
(127, 52, 0),
(127, 53, 0),
(127, 54, 0),
(127, 55, 0),
(127, 56, 0),
(127, 57, 0),
(127, 58, 0),
(127, 59, 0),
(127, 60, 1),
(127, 61, 0),
(127, 62, 0),
(127, 63, 0),
(127, 64, 0),
(127, 65, 0),
(127, 66, 0),
(127, 67, 0),
(127, 68, 0),
(127, 69, 0),
(127, 70, 0),
(127, 74, 0),
(127, 24, 0),
(127, 25, 1),
(127, 26, 0),
(127, 1, 1),
(127, 2, 0),
(127, 3, 0),
(127, 4, 0),
(127, 5, 0),
(127, 6, 0),
(127, 7, 0),
(127, 8, 1),
(127, 9, 0),
(127, 10, 0),
(127, 11, 0),
(127, 12, 0),
(127, 14, 0),
(127, 15, 0),
(127, 16, 0),
(127, 18, 1),
(127, 19, 0),
(127, 20, 0),
(127, 21, 0),
(127, 22, 0),
(127, 23, 0),
(128, 32, 1),
(128, 33, 0),
(128, 34, 0),
(128, 35, 0),
(128, 73, 0),
(128, 36, 0),
(128, 37, 0),
(128, 38, 0),
(128, 39, 0),
(128, 40, 0),
(128, 41, 0),
(128, 46, 0),
(128, 43, 0),
(128, 45, 0),
(128, 47, 0),
(128, 48, 0),
(128, 49, 0),
(128, 50, 0),
(128, 51, 0),
(128, 52, 0),
(128, 53, 0),
(128, 54, 0),
(128, 55, 0),
(128, 56, 0),
(128, 57, 0),
(128, 58, 0),
(128, 59, 0),
(128, 60, 0),
(128, 61, 1),
(128, 62, 0),
(128, 63, 0),
(128, 64, 0),
(128, 65, 0),
(128, 66, 0),
(128, 67, 0),
(128, 68, 0),
(128, 69, 0),
(128, 70, 0),
(128, 74, 0),
(128, 24, 0),
(128, 25, 1),
(128, 26, 0),
(128, 1, 1),
(128, 2, 0),
(128, 3, 0),
(128, 4, 0),
(128, 5, 0),
(128, 6, 0),
(128, 7, 0),
(128, 8, 1),
(128, 9, 0),
(128, 10, 0),
(128, 11, 0),
(128, 12, 0),
(128, 14, 1),
(128, 15, 0),
(128, 16, 0),
(128, 18, 0),
(128, 19, 0),
(128, 20, 0),
(128, 21, 0),
(128, 22, 0),
(128, 23, 0),
(129, 32, 0),
(129, 33, 0),
(129, 34, 0),
(129, 35, 0),
(129, 73, 0),
(129, 36, 0),
(129, 37, 0),
(129, 38, 0),
(129, 39, 0),
(129, 40, 0),
(129, 41, 0),
(129, 46, 0),
(129, 43, 0),
(129, 45, 0),
(129, 47, 0),
(129, 48, 0),
(129, 49, 0),
(129, 50, 0),
(129, 51, 0),
(129, 52, 0),
(129, 53, 0),
(129, 54, 0),
(129, 55, 0),
(129, 56, 0),
(129, 57, 0),
(129, 58, 0),
(129, 59, 1),
(129, 60, 0),
(129, 61, 0),
(129, 62, 0),
(129, 63, 0),
(129, 64, 0),
(129, 65, 0),
(129, 66, 0),
(129, 67, 0),
(129, 68, 0),
(129, 69, 0),
(129, 70, 0),
(129, 74, 0),
(129, 24, 0),
(129, 25, 1),
(129, 26, 0),
(129, 1, 1),
(129, 2, 0),
(129, 3, 0),
(129, 4, 0),
(129, 5, 1),
(129, 6, 0),
(129, 7, 0),
(129, 8, 0),
(129, 9, 0),
(129, 10, 0),
(129, 11, 0),
(129, 12, 0),
(129, 14, 0),
(129, 15, 0),
(129, 16, 1),
(129, 18, 0),
(129, 19, 0),
(129, 20, 0),
(129, 21, 0),
(129, 22, 0),
(129, 23, 0),
(130, 32, 0),
(130, 33, 0),
(130, 34, 0),
(130, 35, 0),
(130, 73, 0),
(130, 36, 0),
(130, 37, 0),
(130, 38, 0),
(130, 39, 0),
(130, 40, 0),
(130, 41, 0),
(130, 46, 0),
(130, 43, 0),
(130, 45, 0),
(130, 47, 0),
(130, 48, 0),
(130, 49, 0),
(130, 50, 0),
(130, 51, 0),
(130, 52, 0),
(130, 53, 0),
(130, 54, 0),
(130, 55, 0),
(130, 56, 0),
(130, 57, 0),
(130, 58, 0),
(130, 59, 1),
(130, 60, 0),
(130, 61, 0),
(130, 62, 0),
(130, 63, 0),
(130, 64, 0),
(130, 65, 0),
(130, 66, 0),
(130, 67, 0),
(130, 68, 0),
(130, 69, 0),
(130, 70, 0),
(130, 74, 1),
(130, 24, 0),
(130, 25, 1),
(130, 26, 0),
(130, 1, 0),
(130, 2, 0),
(130, 3, 1),
(130, 4, 0),
(130, 5, 0),
(130, 6, 1),
(130, 7, 0),
(130, 8, 0),
(130, 9, 0),
(130, 10, 0),
(130, 11, 0),
(130, 12, 0),
(130, 14, 0),
(130, 15, 0),
(130, 16, 1),
(130, 18, 0),
(130, 19, 0),
(130, 20, 0),
(130, 21, 0),
(130, 22, 0),
(130, 23, 0),
(131, 32, 0),
(131, 33, 0),
(131, 34, 0),
(131, 35, 0),
(131, 73, 0),
(131, 36, 0),
(131, 37, 0),
(131, 38, 0),
(131, 39, 0),
(131, 40, 0),
(131, 41, 0),
(131, 46, 0),
(131, 43, 0),
(131, 45, 0),
(131, 47, 0),
(131, 48, 0),
(131, 49, 0),
(131, 50, 0),
(131, 51, 0),
(131, 52, 0),
(131, 53, 1),
(131, 54, 0),
(131, 55, 0),
(131, 56, 0),
(131, 57, 0),
(131, 58, 0),
(131, 59, 1),
(131, 60, 0),
(131, 61, 0),
(131, 62, 0),
(131, 63, 0),
(131, 64, 0),
(131, 65, 0),
(131, 66, 0),
(131, 67, 0),
(131, 68, 0),
(131, 69, 0),
(131, 70, 0),
(131, 74, 0),
(131, 24, 0),
(131, 25, 1),
(131, 26, 0),
(131, 1, 0),
(131, 2, 0),
(131, 3, 1),
(131, 4, 0),
(131, 5, 0),
(131, 6, 1),
(131, 7, 0),
(131, 8, 0),
(131, 9, 0),
(131, 10, 0),
(131, 11, 0),
(131, 12, 0),
(131, 14, 0),
(131, 15, 0),
(131, 16, 0),
(131, 18, 0),
(131, 19, 0),
(131, 20, 0),
(131, 21, 0),
(131, 22, 1),
(131, 23, 0),
(132, 32, 0),
(132, 33, 0),
(132, 34, 0),
(132, 35, 0),
(132, 73, 0),
(132, 36, 0),
(132, 37, 0),
(132, 38, 0),
(132, 39, 0),
(132, 40, 0),
(132, 41, 0),
(132, 46, 0),
(132, 43, 0),
(132, 45, 0),
(132, 47, 0),
(132, 48, 0),
(132, 49, 0),
(132, 50, 0),
(132, 51, 0),
(132, 52, 0),
(132, 53, 0),
(132, 54, 0),
(132, 55, 0),
(132, 56, 0),
(132, 57, 0),
(132, 58, 0),
(132, 59, 0),
(132, 60, 0),
(132, 61, 1),
(132, 62, 0),
(132, 63, 0),
(132, 64, 0),
(132, 65, 0),
(132, 66, 0),
(132, 67, 0),
(132, 68, 0),
(132, 69, 0),
(132, 70, 0),
(132, 74, 0),
(132, 24, 0),
(132, 25, 1),
(132, 26, 0),
(132, 1, 1),
(132, 2, 0),
(132, 3, 0),
(132, 4, 0),
(132, 5, 0),
(132, 6, 0),
(132, 7, 0),
(132, 8, 0),
(132, 9, 0),
(132, 10, 1),
(132, 11, 0),
(132, 12, 0),
(132, 14, 0),
(132, 15, 0),
(132, 16, 0),
(132, 18, 0),
(132, 19, 0),
(132, 20, 0),
(132, 21, 1),
(132, 22, 0),
(132, 23, 0),
(133, 32, 0),
(133, 33, 0),
(133, 34, 0),
(133, 35, 0),
(133, 73, 0),
(133, 36, 0),
(133, 37, 0),
(133, 38, 0),
(133, 39, 0),
(133, 40, 0),
(133, 41, 0),
(133, 46, 0),
(133, 43, 0),
(133, 45, 0),
(133, 47, 0),
(133, 48, 0),
(133, 49, 0),
(133, 50, 0),
(133, 51, 0),
(133, 52, 0),
(133, 53, 0),
(133, 54, 0),
(133, 55, 0),
(133, 56, 0),
(133, 57, 0),
(133, 58, 0),
(133, 59, 0),
(133, 60, 0),
(133, 61, 1),
(133, 62, 0),
(133, 63, 0),
(133, 64, 0),
(133, 65, 0),
(133, 66, 0),
(133, 67, 0),
(133, 68, 0),
(133, 69, 0),
(133, 70, 0),
(133, 74, 0),
(133, 24, 0),
(133, 25, 1),
(133, 26, 0),
(133, 1, 1),
(133, 2, 0),
(133, 3, 0),
(133, 4, 0),
(133, 5, 0),
(133, 6, 0),
(133, 7, 0),
(133, 8, 1),
(133, 9, 0),
(133, 10, 0),
(133, 11, 0),
(133, 12, 0),
(133, 14, 0),
(133, 15, 0),
(133, 16, 0),
(133, 18, 0),
(133, 19, 0),
(133, 20, 0),
(133, 21, 1),
(133, 22, 0),
(133, 23, 0),
(134, 32, 0),
(134, 33, 0),
(134, 34, 0),
(134, 35, 0),
(134, 73, 0),
(134, 36, 0),
(134, 37, 0),
(134, 38, 0),
(134, 39, 0),
(134, 40, 0),
(134, 41, 0),
(134, 46, 0),
(134, 43, 0),
(134, 45, 0),
(134, 47, 0),
(134, 48, 0),
(134, 49, 0),
(134, 50, 0),
(134, 51, 0),
(134, 52, 0),
(134, 53, 0),
(134, 54, 0),
(134, 55, 0),
(134, 56, 0),
(134, 57, 0),
(134, 58, 0),
(134, 59, 1),
(134, 60, 0),
(134, 61, 0),
(134, 62, 0),
(134, 63, 0),
(134, 64, 0),
(134, 65, 0),
(134, 66, 0),
(134, 67, 0),
(134, 68, 0),
(134, 69, 0),
(134, 70, 0),
(134, 74, 0),
(134, 24, 0),
(134, 25, 1),
(134, 26, 0),
(134, 1, 1),
(134, 2, 0),
(134, 3, 0),
(134, 4, 0),
(134, 5, 0),
(134, 6, 1),
(134, 7, 0),
(134, 8, 0),
(134, 9, 0),
(134, 10, 0),
(134, 11, 0),
(134, 12, 0),
(134, 14, 0),
(134, 15, 0),
(134, 16, 0),
(134, 18, 0),
(134, 19, 0),
(134, 20, 0),
(134, 21, 1),
(134, 22, 0),
(134, 23, 0),
(135, 32, 0),
(135, 33, 0),
(135, 34, 0),
(135, 35, 0),
(135, 73, 0),
(135, 36, 0),
(135, 37, 0),
(135, 38, 0),
(135, 39, 0),
(135, 40, 0),
(135, 41, 0),
(135, 46, 0),
(135, 43, 0),
(135, 45, 0),
(135, 47, 0),
(135, 48, 0),
(135, 49, 0),
(135, 50, 0),
(135, 51, 0),
(135, 52, 0),
(135, 53, 0),
(135, 54, 0),
(135, 55, 0),
(135, 56, 0),
(135, 57, 0),
(135, 58, 0),
(135, 59, 0),
(135, 60, 0),
(135, 61, 0),
(135, 62, 0),
(135, 63, 1),
(135, 64, 0),
(135, 65, 0),
(135, 66, 0),
(135, 67, 0),
(135, 68, 0),
(135, 69, 0),
(135, 70, 0),
(135, 74, 0),
(135, 24, 0),
(135, 25, 1),
(135, 26, 0),
(135, 1, 1),
(135, 2, 0),
(135, 3, 0),
(135, 4, 0),
(135, 5, 0),
(135, 6, 0),
(135, 7, 0),
(135, 8, 0),
(135, 9, 1),
(135, 10, 0),
(135, 11, 0),
(135, 12, 0),
(135, 14, 0),
(135, 15, 0),
(135, 16, 0),
(135, 18, 0),
(135, 19, 0),
(135, 20, 0),
(135, 21, 1),
(135, 22, 0),
(135, 23, 0),
(136, 32, 0),
(136, 33, 0),
(136, 34, 0),
(136, 35, 0),
(136, 73, 0),
(136, 36, 0),
(136, 37, 0),
(136, 38, 0),
(136, 39, 0),
(136, 40, 0),
(136, 41, 0),
(136, 46, 0),
(136, 43, 0),
(136, 45, 0),
(136, 47, 0),
(136, 48, 0),
(136, 49, 0),
(136, 50, 0),
(136, 51, 0),
(136, 52, 0),
(136, 53, 0),
(136, 54, 0),
(136, 55, 0),
(136, 56, 0),
(136, 57, 0),
(136, 58, 1),
(136, 59, 0),
(136, 60, 0),
(136, 61, 0),
(136, 62, 0),
(136, 63, 0),
(136, 64, 0),
(136, 65, 0),
(136, 66, 0),
(136, 67, 0),
(136, 68, 0),
(136, 69, 0),
(136, 70, 0),
(136, 74, 0),
(136, 24, 0),
(136, 25, 1),
(136, 26, 0),
(136, 1, 1),
(136, 2, 0),
(136, 3, 0),
(136, 4, 0),
(136, 5, 1),
(136, 6, 0),
(136, 7, 0),
(136, 8, 0),
(136, 9, 0),
(136, 10, 0),
(136, 11, 0),
(136, 12, 0),
(136, 14, 0),
(136, 15, 0),
(136, 16, 0),
(136, 18, 0),
(136, 19, 0),
(136, 20, 0),
(136, 21, 1),
(136, 22, 0),
(136, 23, 0),
(137, 32, 0),
(137, 33, 0),
(137, 34, 0),
(137, 35, 0),
(137, 73, 0),
(137, 36, 0),
(137, 37, 0),
(137, 38, 0),
(137, 39, 0),
(137, 40, 0),
(137, 41, 0),
(137, 46, 0),
(137, 43, 0),
(137, 45, 0),
(137, 47, 0),
(137, 48, 0),
(137, 49, 0),
(137, 50, 0),
(137, 51, 0),
(137, 52, 0),
(137, 53, 0),
(137, 54, 0),
(137, 55, 0),
(137, 56, 0),
(137, 57, 0),
(137, 58, 0),
(137, 59, 0),
(137, 60, 0),
(137, 61, 1),
(137, 62, 0),
(137, 63, 0),
(137, 64, 0),
(137, 65, 0),
(137, 66, 0),
(137, 67, 0),
(137, 68, 0),
(137, 69, 0),
(137, 70, 0),
(137, 74, 0),
(137, 24, 0),
(137, 25, 1),
(137, 26, 0),
(137, 1, 1),
(137, 2, 0),
(137, 3, 0),
(137, 4, 0),
(137, 5, 0),
(137, 6, 0),
(137, 7, 0),
(137, 8, 0),
(137, 9, 0),
(137, 10, 0),
(137, 11, 1),
(137, 12, 0),
(137, 14, 0),
(137, 15, 0),
(137, 16, 0),
(137, 18, 0),
(137, 19, 0),
(137, 20, 0),
(137, 21, 1),
(137, 22, 0),
(137, 23, 0),
(138, 32, 0),
(138, 33, 0),
(138, 34, 0),
(138, 35, 0),
(138, 73, 0),
(138, 36, 0),
(138, 37, 0),
(138, 38, 0),
(138, 39, 0),
(138, 40, 0),
(138, 41, 0),
(138, 46, 0),
(138, 43, 0),
(138, 45, 0),
(138, 47, 0),
(138, 48, 0),
(138, 49, 0),
(138, 50, 0),
(138, 51, 0),
(138, 52, 0),
(138, 53, 1),
(138, 54, 0),
(138, 55, 0),
(138, 56, 0),
(138, 57, 0),
(138, 58, 0),
(138, 59, 1),
(138, 60, 0),
(138, 61, 0),
(138, 62, 0),
(138, 63, 0),
(138, 64, 0),
(138, 65, 0),
(138, 66, 1),
(138, 67, 0),
(138, 68, 0),
(138, 69, 0),
(138, 70, 0),
(138, 74, 0),
(138, 24, 0),
(138, 25, 1),
(138, 26, 0),
(138, 1, 1),
(138, 2, 0),
(138, 3, 0),
(138, 4, 0),
(138, 5, 0),
(138, 6, 1),
(138, 7, 0),
(138, 8, 0),
(138, 9, 0),
(138, 10, 0),
(138, 11, 0),
(138, 12, 0),
(138, 14, 0),
(138, 15, 0),
(138, 16, 0),
(138, 18, 0),
(138, 19, 0),
(138, 20, 0),
(138, 21, 0),
(138, 22, 1),
(138, 23, 0),
(139, 32, 0),
(139, 33, 0),
(139, 34, 0),
(139, 35, 0),
(139, 73, 0),
(139, 36, 0),
(139, 37, 0),
(139, 38, 0),
(139, 39, 0),
(139, 40, 0),
(139, 41, 0),
(139, 46, 0),
(139, 43, 0),
(139, 45, 0),
(139, 47, 0),
(139, 48, 0),
(139, 49, 0),
(139, 50, 0),
(139, 51, 0),
(139, 52, 0),
(139, 53, 1),
(139, 54, 0),
(139, 55, 0),
(139, 56, 0),
(139, 57, 0),
(139, 58, 0),
(139, 59, 1),
(139, 60, 0),
(139, 61, 0),
(139, 62, 0),
(139, 63, 0),
(139, 64, 0),
(139, 65, 0),
(139, 66, 1),
(139, 67, 0),
(139, 68, 0),
(139, 69, 0),
(139, 70, 0),
(139, 74, 0),
(139, 24, 0),
(139, 25, 1),
(139, 26, 0),
(139, 1, 1),
(139, 2, 0),
(139, 3, 0),
(139, 4, 0),
(139, 5, 0),
(139, 6, 1),
(139, 7, 0),
(139, 8, 0),
(139, 9, 0),
(139, 10, 0),
(139, 11, 0),
(139, 12, 0),
(139, 14, 0),
(139, 15, 0),
(139, 16, 0),
(139, 18, 0),
(139, 19, 0),
(139, 20, 0),
(139, 21, 0),
(139, 22, 1),
(139, 23, 0),
(140, 32, 0),
(140, 33, 0),
(140, 34, 1),
(140, 35, 0),
(140, 73, 0),
(140, 36, 0),
(140, 37, 0),
(140, 38, 0),
(140, 39, 0),
(140, 40, 0),
(140, 41, 0),
(140, 46, 0),
(140, 43, 0),
(140, 45, 0),
(140, 47, 0),
(140, 48, 0),
(140, 49, 0),
(140, 50, 0),
(140, 51, 0),
(140, 52, 0),
(140, 53, 0),
(140, 54, 0),
(140, 55, 0),
(140, 56, 0),
(140, 57, 0),
(140, 58, 0),
(140, 59, 1),
(140, 60, 0),
(140, 61, 0),
(140, 62, 0),
(140, 63, 0),
(140, 64, 0),
(140, 65, 0),
(140, 66, 1),
(140, 67, 0),
(140, 68, 0),
(140, 69, 0),
(140, 70, 0),
(140, 74, 0),
(140, 24, 0),
(140, 25, 1),
(140, 26, 0),
(140, 1, 1),
(140, 2, 0),
(140, 3, 0),
(140, 4, 0),
(140, 5, 0),
(140, 6, 0),
(140, 7, 0),
(140, 8, 1),
(140, 9, 0),
(140, 10, 0),
(140, 11, 0),
(140, 12, 0),
(140, 14, 0),
(140, 15, 0),
(140, 16, 0),
(140, 18, 0),
(140, 19, 0),
(140, 20, 0),
(140, 21, 0),
(140, 22, 1),
(140, 23, 0),
(141, 32, 0),
(141, 33, 0),
(141, 34, 1),
(141, 35, 0),
(141, 73, 0),
(141, 36, 0),
(141, 37, 0),
(141, 38, 0),
(141, 39, 0),
(141, 40, 0),
(141, 41, 0),
(141, 46, 0),
(141, 43, 0),
(141, 45, 0),
(141, 47, 0),
(141, 48, 0),
(141, 49, 0),
(141, 50, 0),
(141, 51, 0),
(141, 52, 0),
(141, 53, 0),
(141, 54, 0),
(141, 55, 0),
(141, 56, 0),
(141, 57, 0),
(141, 58, 0),
(141, 59, 1),
(141, 60, 0),
(141, 61, 0),
(141, 62, 0),
(141, 63, 0),
(141, 64, 0),
(141, 65, 0),
(141, 66, 1),
(141, 67, 0),
(141, 68, 0),
(141, 69, 0),
(141, 70, 0),
(141, 74, 0),
(141, 24, 0),
(141, 25, 1),
(141, 26, 0),
(141, 1, 1),
(141, 2, 0),
(141, 3, 0),
(141, 4, 0),
(141, 5, 0),
(141, 6, 0),
(141, 7, 0),
(141, 8, 1),
(141, 9, 0),
(141, 10, 0),
(141, 11, 0),
(141, 12, 0),
(141, 14, 0),
(141, 15, 0),
(141, 16, 0),
(141, 18, 0),
(141, 19, 0),
(141, 20, 0),
(141, 21, 0),
(141, 22, 1),
(141, 23, 0),
(142, 32, 0),
(142, 33, 0),
(142, 34, 0),
(142, 35, 0),
(142, 73, 0),
(142, 36, 0),
(142, 37, 0),
(142, 38, 0),
(142, 39, 0),
(142, 40, 0),
(142, 41, 0),
(142, 46, 0),
(142, 43, 0),
(142, 45, 0),
(142, 47, 0),
(142, 48, 0),
(142, 49, 0),
(142, 50, 0),
(142, 51, 0),
(142, 52, 0),
(142, 53, 0),
(142, 54, 0),
(142, 55, 0),
(142, 56, 0),
(142, 57, 0),
(142, 58, 0),
(142, 59, 0),
(142, 60, 0),
(142, 61, 0),
(142, 62, 0),
(142, 63, 0),
(142, 64, 0),
(142, 65, 0),
(142, 66, 1),
(142, 67, 0),
(142, 68, 0),
(142, 69, 0),
(142, 70, 0),
(142, 74, 1),
(142, 24, 0),
(142, 25, 1),
(142, 26, 0),
(142, 1, 1),
(142, 2, 0),
(142, 3, 0),
(142, 4, 0),
(142, 5, 0),
(142, 6, 0),
(142, 7, 0),
(142, 8, 0),
(142, 9, 0),
(142, 10, 1),
(142, 11, 0),
(142, 12, 0),
(142, 14, 0),
(142, 15, 1),
(142, 16, 0),
(142, 18, 0),
(142, 19, 0),
(142, 20, 0),
(142, 21, 0),
(142, 22, 0),
(142, 23, 0),
(143, 32, 0),
(143, 33, 0),
(143, 34, 0),
(143, 35, 0),
(143, 73, 0),
(143, 36, 0),
(143, 37, 0),
(143, 38, 0),
(143, 39, 0),
(143, 40, 0),
(143, 41, 0),
(143, 46, 0),
(143, 43, 0),
(143, 45, 0),
(143, 47, 0),
(143, 48, 0),
(143, 49, 0),
(143, 50, 0),
(143, 51, 0),
(143, 52, 0),
(143, 53, 0),
(143, 54, 0),
(143, 55, 0),
(143, 56, 0),
(143, 57, 0),
(143, 58, 0),
(143, 59, 0),
(143, 60, 0),
(143, 61, 1),
(143, 62, 0),
(143, 63, 0),
(143, 64, 0),
(143, 65, 0),
(143, 66, 0),
(143, 67, 0),
(143, 68, 0),
(143, 69, 0),
(143, 70, 0),
(143, 74, 0),
(143, 24, 0),
(143, 25, 1),
(143, 26, 0),
(143, 1, 0),
(143, 2, 0),
(143, 3, 1),
(143, 4, 0),
(143, 5, 0),
(143, 6, 0),
(143, 7, 0);
INSERT INTO `response` (`idPokemon`, `idQuestion`, `response`) VALUES
(143, 8, 0),
(143, 9, 0),
(143, 10, 0),
(143, 11, 0),
(143, 12, 0),
(143, 14, 0),
(143, 15, 1),
(143, 16, 0),
(143, 18, 0),
(143, 19, 0),
(143, 20, 0),
(143, 21, 0),
(143, 22, 0),
(143, 23, 0),
(144, 32, 0),
(144, 33, 0),
(144, 34, 0),
(144, 35, 0),
(144, 73, 0),
(144, 36, 0),
(144, 37, 0),
(144, 38, 0),
(144, 39, 0),
(144, 40, 0),
(144, 41, 0),
(144, 46, 0),
(144, 43, 0),
(144, 45, 0),
(144, 47, 0),
(144, 48, 0),
(144, 49, 0),
(144, 50, 1),
(144, 51, 0),
(144, 52, 1),
(144, 53, 0),
(144, 54, 0),
(144, 55, 0),
(144, 56, 0),
(144, 57, 0),
(144, 58, 0),
(144, 59, 0),
(144, 60, 0),
(144, 61, 0),
(144, 62, 0),
(144, 63, 0),
(144, 64, 0),
(144, 65, 0),
(144, 66, 0),
(144, 67, 0),
(144, 68, 0),
(144, 69, 1),
(144, 70, 0),
(144, 74, 1),
(144, 24, 0),
(144, 25, 1),
(144, 26, 1),
(144, 1, 1),
(144, 2, 0),
(144, 3, 0),
(144, 4, 0),
(144, 5, 0),
(144, 6, 1),
(144, 7, 0),
(144, 8, 0),
(144, 9, 0),
(144, 10, 0),
(144, 11, 0),
(144, 12, 0),
(144, 14, 0),
(144, 15, 0),
(144, 16, 0),
(144, 18, 0),
(144, 19, 0),
(144, 20, 0),
(144, 21, 0),
(144, 22, 0),
(144, 23, 1),
(145, 32, 0),
(145, 33, 0),
(145, 34, 0),
(145, 35, 0),
(145, 73, 0),
(145, 36, 0),
(145, 37, 0),
(145, 38, 0),
(145, 39, 0),
(145, 40, 0),
(145, 41, 0),
(145, 46, 0),
(145, 43, 0),
(145, 45, 0),
(145, 47, 0),
(145, 48, 0),
(145, 49, 0),
(145, 50, 1),
(145, 51, 0),
(145, 52, 1),
(145, 53, 0),
(145, 54, 0),
(145, 55, 0),
(145, 56, 0),
(145, 57, 0),
(145, 58, 0),
(145, 59, 0),
(145, 60, 0),
(145, 61, 0),
(145, 62, 0),
(145, 63, 1),
(145, 64, 0),
(145, 65, 0),
(145, 66, 0),
(145, 67, 0),
(145, 68, 0),
(145, 69, 0),
(145, 70, 0),
(145, 74, 1),
(145, 24, 0),
(145, 25, 1),
(145, 26, 1),
(145, 1, 1),
(145, 2, 0),
(145, 3, 0),
(145, 4, 0),
(145, 5, 0),
(145, 6, 0),
(145, 7, 0),
(145, 8, 0),
(145, 9, 1),
(145, 10, 0),
(145, 11, 0),
(145, 12, 0),
(145, 14, 0),
(145, 15, 0),
(145, 16, 0),
(145, 18, 0),
(145, 19, 0),
(145, 20, 0),
(145, 21, 0),
(145, 22, 0),
(145, 23, 1),
(146, 32, 0),
(146, 33, 0),
(146, 34, 0),
(146, 35, 0),
(146, 73, 0),
(146, 36, 0),
(146, 37, 0),
(146, 38, 0),
(146, 39, 0),
(146, 40, 0),
(146, 41, 0),
(146, 46, 0),
(146, 43, 0),
(146, 45, 0),
(146, 47, 0),
(146, 48, 0),
(146, 49, 0),
(146, 50, 1),
(146, 51, 0),
(146, 52, 1),
(146, 53, 0),
(146, 54, 0),
(146, 55, 0),
(146, 56, 0),
(146, 57, 0),
(146, 58, 1),
(146, 59, 0),
(146, 60, 0),
(146, 61, 0),
(146, 62, 0),
(146, 63, 0),
(146, 64, 0),
(146, 65, 0),
(146, 66, 0),
(146, 67, 0),
(146, 68, 0),
(146, 69, 0),
(146, 70, 0),
(146, 74, 1),
(146, 24, 0),
(146, 25, 1),
(146, 26, 1),
(146, 1, 1),
(146, 2, 0),
(146, 3, 0),
(146, 4, 0),
(146, 5, 0),
(146, 6, 0),
(146, 7, 0),
(146, 8, 0),
(146, 9, 1),
(146, 10, 0),
(146, 11, 0),
(146, 12, 0),
(146, 14, 0),
(146, 15, 0),
(146, 16, 0),
(146, 18, 0),
(146, 19, 0),
(146, 20, 0),
(146, 21, 0),
(146, 22, 0),
(146, 23, 1),
(147, 32, 0),
(147, 33, 0),
(147, 34, 0),
(147, 35, 0),
(147, 73, 0),
(147, 36, 0),
(147, 37, 0),
(147, 38, 0),
(147, 39, 0),
(147, 40, 0),
(147, 41, 0),
(147, 46, 0),
(147, 43, 0),
(147, 45, 0),
(147, 47, 0),
(147, 48, 0),
(147, 49, 0),
(147, 50, 0),
(147, 51, 0),
(147, 52, 0),
(147, 53, 0),
(147, 54, 1),
(147, 55, 0),
(147, 56, 0),
(147, 57, 0),
(147, 58, 0),
(147, 59, 0),
(147, 60, 0),
(147, 61, 0),
(147, 62, 0),
(147, 63, 0),
(147, 64, 0),
(147, 65, 0),
(147, 66, 0),
(147, 67, 0),
(147, 68, 0),
(147, 69, 0),
(147, 70, 1),
(147, 74, 0),
(147, 24, 0),
(147, 25, 1),
(147, 26, 1),
(147, 1, 1),
(147, 2, 0),
(147, 3, 0),
(147, 4, 0),
(147, 5, 0),
(147, 6, 1),
(147, 7, 0),
(147, 8, 0),
(147, 9, 0),
(147, 10, 0),
(147, 11, 0),
(147, 12, 0),
(147, 14, 0),
(147, 15, 0),
(147, 16, 1),
(147, 18, 0),
(147, 19, 0),
(147, 20, 0),
(147, 21, 0),
(147, 22, 0),
(147, 23, 0),
(148, 32, 0),
(148, 33, 0),
(148, 34, 0),
(148, 35, 0),
(148, 73, 0),
(148, 36, 0),
(148, 37, 0),
(148, 38, 0),
(148, 39, 0),
(148, 40, 0),
(148, 41, 0),
(148, 46, 0),
(148, 43, 0),
(148, 45, 0),
(148, 47, 0),
(148, 48, 0),
(148, 49, 0),
(148, 50, 0),
(148, 51, 0),
(148, 52, 0),
(148, 53, 0),
(148, 54, 1),
(148, 55, 0),
(148, 56, 0),
(148, 57, 0),
(148, 58, 0),
(148, 59, 0),
(148, 60, 0),
(148, 61, 0),
(148, 62, 0),
(148, 63, 0),
(148, 64, 0),
(148, 65, 0),
(148, 66, 0),
(148, 67, 0),
(148, 68, 0),
(148, 69, 0),
(148, 70, 1),
(148, 74, 0),
(148, 24, 0),
(148, 25, 1),
(148, 26, 1),
(148, 1, 1),
(148, 2, 0),
(148, 3, 0),
(148, 4, 0),
(148, 5, 0),
(148, 6, 1),
(148, 7, 0),
(148, 8, 0),
(148, 9, 0),
(148, 10, 0),
(148, 11, 0),
(148, 12, 0),
(148, 14, 0),
(148, 15, 0),
(148, 16, 1),
(148, 18, 0),
(148, 19, 0),
(148, 20, 0),
(148, 21, 0),
(148, 22, 0),
(148, 23, 0),
(149, 32, 0),
(149, 33, 0),
(149, 34, 0),
(149, 35, 0),
(149, 73, 0),
(149, 36, 0),
(149, 37, 0),
(149, 38, 0),
(149, 39, 0),
(149, 40, 0),
(149, 41, 0),
(149, 46, 0),
(149, 43, 0),
(149, 45, 0),
(149, 47, 0),
(149, 48, 1),
(149, 49, 0),
(149, 50, 0),
(149, 51, 0),
(149, 52, 0),
(149, 53, 0),
(149, 54, 0),
(149, 55, 0),
(149, 56, 0),
(149, 57, 0),
(149, 58, 0),
(149, 59, 0),
(149, 60, 0),
(149, 61, 0),
(149, 62, 0),
(149, 63, 0),
(149, 64, 0),
(149, 65, 0),
(149, 66, 0),
(149, 67, 0),
(149, 68, 0),
(149, 69, 0),
(149, 70, 1),
(149, 74, 1),
(149, 24, 0),
(149, 25, 1),
(149, 26, 1),
(149, 1, 0),
(149, 2, 0),
(149, 3, 1),
(149, 4, 0),
(149, 5, 0),
(149, 6, 0),
(149, 7, 0),
(149, 8, 1),
(149, 9, 0),
(149, 10, 0),
(149, 11, 0),
(149, 12, 0),
(149, 14, 0),
(149, 15, 0),
(149, 16, 1),
(149, 18, 0),
(149, 19, 0),
(149, 20, 0),
(149, 21, 0),
(149, 22, 0),
(149, 23, 0),
(150, 32, 0),
(150, 33, 0),
(150, 34, 0),
(150, 35, 0),
(150, 73, 0),
(150, 36, 0),
(150, 37, 0),
(150, 38, 0),
(150, 39, 0),
(150, 40, 0),
(150, 41, 0),
(150, 46, 0),
(150, 43, 0),
(150, 45, 0),
(150, 47, 0),
(150, 48, 0),
(150, 49, 0),
(150, 50, 0),
(150, 51, 0),
(150, 52, 1),
(150, 53, 0),
(150, 54, 0),
(150, 55, 0),
(150, 56, 0),
(150, 57, 0),
(150, 58, 0),
(150, 59, 0),
(150, 60, 0),
(150, 61, 0),
(150, 62, 0),
(150, 63, 0),
(150, 64, 0),
(150, 65, 0),
(150, 66, 0),
(150, 67, 0),
(150, 68, 1),
(150, 69, 0),
(150, 70, 0),
(150, 74, 0),
(150, 24, 0),
(150, 25, 1),
(150, 26, 1),
(150, 1, 0),
(150, 2, 1),
(150, 3, 0),
(150, 4, 0),
(150, 5, 0),
(150, 6, 0),
(150, 7, 0),
(150, 8, 0),
(150, 9, 0),
(150, 10, 1),
(150, 11, 0),
(150, 12, 0),
(150, 14, 0),
(150, 15, 0),
(150, 16, 0),
(150, 18, 0),
(150, 19, 0),
(150, 20, 0),
(150, 21, 0),
(150, 22, 0),
(150, 23, 1),
(151, 32, 0),
(151, 33, 0),
(151, 34, 0),
(151, 35, 0),
(151, 73, 0),
(151, 36, 0),
(151, 37, 0),
(151, 38, 0),
(151, 39, 0),
(151, 40, 0),
(151, 41, 0),
(151, 46, 0),
(151, 43, 0),
(151, 45, 0),
(151, 47, 0),
(151, 48, 0),
(151, 49, 0),
(151, 50, 1),
(151, 51, 0),
(151, 52, 0),
(151, 53, 0),
(151, 54, 0),
(151, 55, 0),
(151, 56, 0),
(151, 57, 0),
(151, 58, 0),
(151, 59, 0),
(151, 60, 0),
(151, 61, 0),
(151, 62, 0),
(151, 63, 0),
(151, 64, 0),
(151, 65, 0),
(151, 66, 0),
(151, 67, 0),
(151, 68, 1),
(151, 69, 0),
(151, 70, 0),
(151, 74, 0),
(151, 24, 0),
(151, 25, 1),
(151, 26, 1),
(151, 1, 1),
(151, 2, 0),
(151, 3, 0),
(151, 4, 0),
(151, 5, 0),
(151, 6, 0),
(151, 7, 0),
(151, 8, 0),
(151, 9, 0),
(151, 10, 0),
(151, 11, 1),
(151, 12, 0),
(151, 14, 0),
(151, 15, 0),
(151, 16, 0),
(151, 18, 0),
(151, 19, 0),
(151, 20, 0),
(151, 21, 0),
(151, 22, 0),
(151, 23, 1);

--
-- Index pour les tables exportées
--

--
-- Index pour la table `question`
--
ALTER TABLE `question`
 ADD PRIMARY KEY (`id`);

--
-- AUTO_INCREMENT pour les tables exportées
--

--
-- AUTO_INCREMENT pour la table `question`
--
ALTER TABLE `question`
MODIFY `id` int(11) NOT NULL AUTO_INCREMENT,AUTO_INCREMENT=75;
/*!40101 SET CHARACTER_SET_CLIENT=@OLD_CHARACTER_SET_CLIENT */;
/*!40101 SET CHARACTER_SET_RESULTS=@OLD_CHARACTER_SET_RESULTS */;
/*!40101 SET COLLATION_CONNECTION=@OLD_COLLATION_CONNECTION */;
